[2026-02-01 16:07:52.254] [info]  [uiAPI] Sending IPC: updateFloatingEditorsFromExternal [
  [
    {
      type: 'DeleteNode',
      nodeId: 'C:/Users/mmeadow/Documents/OpenEvolve/Frontend/voicetree-1-2/ctx-nodes/run_me_context_1769989887803.md',
      deletedNode: {
        _tag: 'Some',
        value: {
          absoluteFilePathIsID: 'C:/Users/mmeadow/Documents/OpenEvolve/Frontend/voicetree-1-2/ctx-nodes/run_me_context_1769989887803.md',
          outgoingEdges: [],
          contentWithoutYamlOrLinks: '# ctx\n' +
            'Nearby nodes to: C:/Users/mmeadow/Documents/OpenEvolve/Frontend/voicetree-1-2/run_me.md\n' +
            '```\n' +
            'Generate codebase graph (run me)\n' +
            '└── Voicetree\n' +
            '    ├── Hover over me\n' +
            '    └── Hello\n' +
            '```\n' +
            '\n' +
            '## Node Contents \n' +
            '<C:/Users/mmeadow/Documents/OpenEvolve/Frontend/voicetree-1-2/run_me.md> \n' +
            ' # Generate codebase graph (run me)\n' +
            '\n' +
            '### Your task is to run the following workflow\n' +
            '\n' +
            '1. **Explore** the codebase (use explore subagents)\n' +
            '2. **Identify** the top ~7 major modules\n' +
            '3. **Create a node** for each module containing:\n' +
            '    - Concise purpose summary\n' +
            '    - Mermaid diagrams for the core flow\n' +
            '    - Notable gotchas or tech debt\n' +
            'There is no need for you or the subagents to create an additional progress node, the module nodes already satisfy this requirement.\n' +
            '4. **Spawn voicetree agents** on each module to break it down one level further\n' +
            '\n' +
            '## Constraints\n' +
            '\n' +
            '- **Max 7 modules** per level\n' +
            '- **Tree structure**: each node links only to its direct parent\n' +
            '- **Depth limit**: subagents do NOT spawn further agents\n' +
            ' \n' +
            ' </C:/Users/mmeadow/Documents/OpenEvolve/Frontend/voicetree-1-2/run_me.md>\n' +
            '<C:/Users/mmeadow/Documents/OpenEvolve/Frontend/voicetree-1-2/welcome_to_voicetree.md> \n' +
            ' # Voicetree\n' +
            '\n' +
            '## The spatial IDE for multi-agent orchestration\n' +
            '\n' +
            '##### Build massive projects out of hundreds of agent sessions whose outputs are all saved, connected together, and turned into a Markdown mindmap. Spatially navigate the graph to hand-hold agents as they recursively fork themselves.\n' +
            '\n' +
            'Optimise for seeing only the most relevant information at the necessary level of abstraction.\n' +
            '\n' +
            'ready? [\\[run_me.md]\\]\n' +
            '\n' +
            'explore the features [\\[hover_over_me.md]\\] \n' +
            ' </C:/Users/mmeadow/Documents/OpenEvolve/Frontend/voicetree-1-2/welcome_to_voicetree.md>\n' +
            '<C:/Users/mmeadow/Documents/OpenEvolve/Frontend/voicetree-1-2/hover_over_me.md> \n' +
            ' # Hover over me\r\n' +
            '\r\n' +
            'Recommended usage for agentic engineering:\r\n' +
            '\r\n' +
            '1. Brainstorm a large task in the mindmap itself. Get AI to help review and suggest options as needed.\r\n' +
            '\r\n' +
            '2. Start executing agents on branches of the brainstorm. For larger/harder parts of the project, Tell agents to "decompose plan into a dependency graph of nodes, and then spawn voicetree agents to work through it"\r\n' +
            '\r\n' +
            '3. Rotate between the idle agents (cmd + [\\[ keyboard shortcut), to see if they need help or to be nudged towards true completion.\r\n' +
            '\r\n' +
            '4. Since the feature will never be pixel perfect on the first iteration, for running next steps, spawn agents directly on handover notes automatically created by the previous sessions.\r\n' +
            '\r\n' +
            '5. Zoom out to see the big picture of the shape of the work you and your agents did, useful for identifying productivity bottlenecks.\r\n' +
            '\r\n' +
            '\r\n' +
            '### Voicetree features\r\n' +
            '\r\n' +
            'Above the node editor, you will see 6 buttons, these are all the actions you can perform on a node. Try adding a child node now.\r\n' +
            '\r\n' +
            'Markdown support:\r\n' +
            '\r\n' +
            '**Code blocks:**\r\n' +
            '```typescript\r\n' +
            'while (true) {\r\n' +
            '+  const x : string = "Hello World!"\r\n' +
            '-  // agents will automatically produce handover nodes with their diff  \r\n' +
            '  ...\r\n' +
            '}\r\n' +
            '```\r\n' +
            '\r\n' +
            '**Mermaid diagram blocks:**\r\n' +
            '```mermaid\r\n' +
            'flowchart LR\r\n' +
            '      A((Voice)) --> B((Tree))\r\n' +
            '```\r\n' +
            '\r\n' +
            'You can add edges to other nodes by typing a wikilink. Start typing double square brackets, and an autocomplete will pop up, to insert links to another nodes path like so: [to_the_other_nodes_relative_or_absolute_path.md]\\]]\r\n' +
            '\r\n' +
            '# Hotkeys & other features\r\n' +
            '\r\n' +
            '### Navigation\r\n' +
            '- Hold **space** to follow most recent node\r\n' +
            '- **Cmd + ] or [\\[** to cycle between terminals\r\n' +
            '- **Cmd + 1-5** to navigate to recently added or modified nodes (appear as tabs in the top left)\r\n' +
            '- **Cmd + E** to open the graph search / command pallete (nodes here are ordererd by recently selected), cmd + f, cmd + k also work\r\n' +
            '\r\n' +
            '## Markdown nodes\r\n' +
            '- **Cmd + drag** to select nodes. Hover also selects node.\r\n' +
            '- **Cmd + n** to create new child node, or if no node is selected, creates orphan node\r\n' +
            '- **Cmd + backspace** to delete selected node(s)\r\n' +
            '- **Cmd + enter** to run this node the default agent (first agent in the agents array in settings.json)\r\n' +
            '- **Cmd + z** / **cmd + shift + z** to undo / redo \r\n' +
            '- **Cmd + w** to close terminals and editors\r\n' +
            '\r\n' +
            '- when a node is selected, you can speak directly into it! A chip with transcribed text will appear\r\n' +
            '\r\n' +
            '### Settings\r\n' +
            'All settings are currently contained in the settings.json file (`~/Library/Application\\ Support/VoiceTree/settings.json`) \r\n' +
            '\r\n' +
            'You can open the editor for this file in the floating menu on the right hand side of the graph.\r\n' +
            '\r\n' +
            '### Agents\r\n' +
            '\r\n' +
            "Agents can add nodes via their filesystem tools, since nodes are just markdown files. For example, you can tell agents to 'add a progress tree to the graph'\r\n" +
            '\r\n' +
            'You can create custom agents in the settings\r\n' +
            '\r\n' +
            'For example, you could create a "fix broken tests agent", which has a custom CLI command and prompt. \r\n' +
            '\r\n' +
            '\r\n' +
            '#### Context nodes\r\n' +
            'When you run an agent, it will produce a context node, this is a traversal of nodes within distance=6 (configurable in the settings)\r\n' +
            'This is the context that will be injected into the agent at startup.\r\n' +
            '\r\n' +
            '#### Works amazingly with spec driven development\r\n' +
            'VoiceTree pairs perfectly with OpenSpec for AI-assisted development.\r\n' +
            '\r\n' +
            'Just tell your agent: "Please create an OpenSpec change proposal for this feature" - the markdown files will appear in the graph.\r\n' +
            'Works Amazingly With OpenSpec\r\n' +
            'VoiceTree pairs perfectly with OpenSpec for AI-assisted development.\r\n' +
            '\r\n' +
            'Just tell your agent: "Please create an OpenSpec change proposal for this feature" - the markdown files will appear in the graph.\r\n' +
            '\r\n' +
            '[[to_the_other_nodes_relative_or_absolute_path.md]\\]\r\n' +
            '[\\[to_the_other_nodes_relative_or_absolute_path.md]\\] \n' +
            ' </C:/Users/mmeadow/Documents/OpenEvolve/Frontend/voicetree-1-2/hover_over_me.md>\n' +
            '<C:/Users/mmeadow/Documents/OpenEvolve/Frontend/voicetree-1-2/welcome_to.md> \n' +
            ' # Hello\r\n' +
            '\r\n' +
            'welcome to [\\[welcome_to_voicetree.md]\\] \n' +
            ' </C:/Users/mmeadow/Documents/OpenEvolve/Frontend/voicetree-1-2/welcome_to.md>\n' +
            '<TASK> IMPORTANT. YOUR specific task, and the most relevant context is the source note you were spawned from, which is:\n' +
            '        C:/Users/mmeadow/Documents/OpenEvolve/Frontend/voicetree-1-2/run_me.md: # Generate codebase graph (run me)\n' +
            '\n' +
            '### Your task is to run the following workflow\n' +
            '\n' +
            '1. **Explore** the codebase (use explore subagents)\n' +
            '2. **Identify** the top ~7 major modules\n' +
            '3. **Create a node** for each module containing:\n' +
            '    - Concise purpose summary\n' +
            '    - Mermaid diagrams for the core flow\n' +
            '    - Notable gotchas or tech debt\n' +
            'There is no need for you or the subagents to create an additional progress node, the module nodes already satisfy this requirement.\n' +
            '4. **Spawn voicetree agents** on each module to break it down one level further\n' +
            '\n' +
            '## Constraints\n' +
            '\n' +
            '- **Max 7 modules** per level\n' +
            '- **Tree structure**: each node links only to its direct parent\n' +
            '- **Depth limit**: subagents do NOT spawn further agents\n' +
            ' </TASK>\n' +
            '\n',
          nodeUIMetadata: {
            color: [Object],
            position: [Object],
            additionalYAMLProps: [Object],
            isContextNode: true,
            containedNodeIds: [Array]
          }
        }
      }
    }
  ]
]
[2026-02-01 16:07:54.563] [info]  [uiAPI] Sending IPC: updateFloatingEditorsFromExternal [
  [
    {
      type: 'DeleteNode',
      nodeId: 'C:/Users/mmeadow/Documents/OpenEvolve/Frontend/voicetree-1-2/ctx-nodes/run_me_context_1769990213476.md',
      deletedNode: {
        _tag: 'Some',
        value: {
          absoluteFilePathIsID: 'C:/Users/mmeadow/Documents/OpenEvolve/Frontend/voicetree-1-2/ctx-nodes/run_me_context_1769990213476.md',
          outgoingEdges: [],
          contentWithoutYamlOrLinks: '# ctx\n' +
            'Nearby nodes to: C:/Users/mmeadow/Documents/OpenEvolve/Frontend/voicetree-1-2/run_me.md\n' +
            '```\n' +
            'Generate codebase graph (run me)\n' +
            '└── Voicetree\n' +
            '    ├── Hover over me\n' +
            '    └── Hello\n' +
            '```\n' +
            '\n' +
            '## Node Contents \n' +
            '<C:/Users/mmeadow/Documents/OpenEvolve/Frontend/voicetree-1-2/run_me.md> \n' +
            ' # Generate codebase graph (run me)\n' +
            '\n' +
            '### Your task is to run the following workflow\n' +
            '\n' +
            '1. **Explore** the codebase (use explore subagents)\n' +
            '2. **Identify** the top ~7 major modules\n' +
            '3. **Create a node** for each module containing:\n' +
            '    - Concise purpose summary\n' +
            '    - Mermaid diagrams for the core flow\n' +
            '    - Notable gotchas or tech debt\n' +
            'There is no need for you or the subagents to create an additional progress node, the module nodes already satisfy this requirement.\n' +
            '4. **Spawn voicetree agents** on each module to break it down one level further\n' +
            '   5. C:\\Users\\mmeadow\\AppData\\Roaming\\Voicetree\\tools\\prompts\\addNode.md"\n' +
            '\n' +
            '## Constraints\n' +
            '\n' +
            '- **Max 7 modules** per level\n' +
            '- **Tree structure**: each node links only to its direct parent\n' +
            '- **Depth limit**: subagents do NOT spawn further agents\n' +
            ' \n' +
            ' </C:/Users/mmeadow/Documents/OpenEvolve/Frontend/voicetree-1-2/run_me.md>\n' +
            '<C:/Users/mmeadow/Documents/OpenEvolve/Frontend/voicetree-1-2/welcome_to_voicetree.md> \n' +
            ' # Voicetree\n' +
            '\n' +
            '## The spatial IDE for multi-agent orchestration\n' +
            '\n' +
            '##### Build massive projects out of hundreds of agent sessions whose outputs are all saved, connected together, and turned into a Markdown mindmap. Spatially navigate the graph to hand-hold agents as they recursively fork themselves.\n' +
            '\n' +
            'Optimise for seeing only the most relevant information at the necessary level of abstraction.\n' +
            '\n' +
            'ready? [\\[run_me.md]\\]\n' +
            '\n' +
            'explore the features [\\[hover_over_me.md]\\] \n' +
            ' </C:/Users/mmeadow/Documents/OpenEvolve/Frontend/voicetree-1-2/welcome_to_voicetree.md>\n' +
            '<C:/Users/mmeadow/Documents/OpenEvolve/Frontend/voicetree-1-2/hover_over_me.md> \n' +
            ' # Hover over me\r\n' +
            '\r\n' +
            'Recommended usage for agentic engineering:\r\n' +
            '\r\n' +
            '1. Brainstorm a large task in the mindmap itself. Get AI to help review and suggest options as needed.\r\n' +
            '\r\n' +
            '2. Start executing agents on branches of the brainstorm. For larger/harder parts of the project, Tell agents to "decompose plan into a dependency graph of nodes, and then spawn voicetree agents to work through it"\r\n' +
            '\r\n' +
            '3. Rotate between the idle agents (cmd + [\\[ keyboard shortcut), to see if they need help or to be nudged towards true completion.\r\n' +
            '\r\n' +
            '4. Since the feature will never be pixel perfect on the first iteration, for running next steps, spawn agents directly on handover notes automatically created by the previous sessions.\r\n' +
            '\r\n' +
            '5. Zoom out to see the big picture of the shape of the work you and your agents did, useful for identifying productivity bottlenecks.\r\n' +
            '\r\n' +
            '\r\n' +
            '### Voicetree features\r\n' +
            '\r\n' +
            'Above the node editor, you will see 6 buttons, these are all the actions you can perform on a node. Try adding a child node now.\r\n' +
            '\r\n' +
            'Markdown support:\r\n' +
            '\r\n' +
            '**Code blocks:**\r\n' +
            '```typescript\r\n' +
            'while (true) {\r\n' +
            '+  const x : string = "Hello World!"\r\n' +
            '-  // agents will automatically produce handover nodes with their diff  \r\n' +
            '  ...\r\n' +
            '}\r\n' +
            '```\r\n' +
            '\r\n' +
            '**Mermaid diagram blocks:**\r\n' +
            '```mermaid\r\n' +
            'flowchart LR\r\n' +
            '      A((Voice)) --> B((Tree))\r\n' +
            '```\r\n' +
            '\r\n' +
            'You can add edges to other nodes by typing a wikilink. Start typing double square brackets, and an autocomplete will pop up, to insert links to another nodes path like so: [to_the_other_nodes_relative_or_absolute_path.md]\\]]\r\n' +
            '\r\n' +
            '# Hotkeys & other features\r\n' +
            '\r\n' +
            '### Navigation\r\n' +
            '- Hold **space** to follow most recent node\r\n' +
            '- **Cmd + ] or [\\[** to cycle between terminals\r\n' +
            '- **Cmd + 1-5** to navigate to recently added or modified nodes (appear as tabs in the top left)\r\n' +
            '- **Cmd + E** to open the graph search / command pallete (nodes here are ordererd by recently selected), cmd + f, cmd + k also work\r\n' +
            '\r\n' +
            '## Markdown nodes\r\n' +
            '- **Cmd + drag** to select nodes. Hover also selects node.\r\n' +
            '- **Cmd + n** to create new child node, or if no node is selected, creates orphan node\r\n' +
            '- **Cmd + backspace** to delete selected node(s)\r\n' +
            '- **Cmd + enter** to run this node the default agent (first agent in the agents array in settings.json)\r\n' +
            '- **Cmd + z** / **cmd + shift + z** to undo / redo \r\n' +
            '- **Cmd + w** to close terminals and editors\r\n' +
            '\r\n' +
            '- when a node is selected, you can speak directly into it! A chip with transcribed text will appear\r\n' +
            '\r\n' +
            '### Settings\r\n' +
            'All settings are currently contained in the settings.json file (`~/Library/Application\\ Support/VoiceTree/settings.json`) \r\n' +
            '\r\n' +
            'You can open the editor for this file in the floating menu on the right hand side of the graph.\r\n' +
            '\r\n' +
            '### Agents\r\n' +
            '\r\n' +
            "Agents can add nodes via their filesystem tools, since nodes are just markdown files. For example, you can tell agents to 'add a progress tree to the graph'\r\n" +
            '\r\n' +
            'You can create custom agents in the settings\r\n' +
            '\r\n' +
            'For example, you could create a "fix broken tests agent", which has a custom CLI command and prompt. \r\n' +
            '\r\n' +
            '\r\n' +
            '#### Context nodes\r\n' +
            'When you run an agent, it will produce a context node, this is a traversal of nodes within distance=6 (configurable in the settings)\r\n' +
            'This is the context that will be injected into the agent at startup.\r\n' +
            '\r\n' +
            '#### Works amazingly with spec driven development\r\n' +
            'VoiceTree pairs perfectly with OpenSpec for AI-assisted development.\r\n' +
            '\r\n' +
            'Just tell your agent: "Please create an OpenSpec change proposal for this feature" - the markdown files will appear in the graph.\r\n' +
            'Works Amazingly With OpenSpec\r\n' +
            'VoiceTree pairs perfectly with OpenSpec for AI-assisted development.\r\n' +
            '\r\n' +
            'Just tell your agent: "Please create an OpenSpec change proposal for this feature" - the markdown files will appear in the graph.\r\n' +
            '\r\n' +
            '[[to_the_other_nodes_relative_or_absolute_path.md]\\]\r\n' +
            '[\\[to_the_other_nodes_relative_or_absolute_path.md]\\] \n' +
            ' </C:/Users/mmeadow/Documents/OpenEvolve/Frontend/voicetree-1-2/hover_over_me.md>\n' +
            '<C:/Users/mmeadow/Documents/OpenEvolve/Frontend/voicetree-1-2/welcome_to.md> \n' +
            ' # Hello\r\n' +
            '\r\n' +
            'welcome to [\\[welcome_to_voicetree.md]\\] \n' +
            ' </C:/Users/mmeadow/Documents/OpenEvolve/Frontend/voicetree-1-2/welcome_to.md>\n' +
            '<TASK> IMPORTANT. YOUR specific task, and the most relevant context is the source note you were spawned from, which is:\n' +
            '        C:/Users/mmeadow/Documents/OpenEvolve/Frontend/voicetree-1-2/run_me.md: # Generate codebase graph (run me)\n' +
            '\n' +
            '### Your task is to run the following workflow\n' +
            '\n' +
            '1. **Explore** the codebase (use explore subagents)\n' +
            '2. **Identify** the top ~7 major modules\n' +
            '3. **Create a node** for each module containing:\n' +
            '    - Concise purpose summary\n' +
            '    - Mermaid diagrams for the core flow\n' +
            '    - Notable gotchas or tech debt\n' +
            'There is no need for you or the subagents to create an additional progress node, the module nodes already satisfy this requirement.\n' +
            '4. **Spawn voicetree agents** on each module to break it down one level further\n' +
            '   5. C:\\Users\\mmeadow\\AppData\\Roaming\\Voicetree\\tools\\prompts\\addNode.md"\n' +
            '\n' +
            '## Constraints\n' +
            '\n' +
            '- **Max 7 modules** per level\n' +
            '- **Tree structure**: each node links only to its direct parent\n' +
            '- **Depth limit**: subagents do NOT spawn further agents\n' +
            ' </TASK>\n' +
            '\n',
          nodeUIMetadata: {
            color: [Object],
            position: [Object],
            additionalYAMLProps: [Object],
            isContextNode: true,
            containedNodeIds: [Array]
          }
        }
      }
    }
  ]
]
[2026-02-01 16:08:06.397] [info]  [uiAPI] Sending IPC: updateFloatingEditorsFromExternal [
  [
    {
      type: 'DeleteNode',
      nodeId: 'C:/Users/mmeadow/Documents/OpenEvolve/Frontend/voicetree-1-2/welcome_to.md',
      deletedNode: {
        _tag: 'Some',
        value: {
          absoluteFilePathIsID: 'C:/Users/mmeadow/Documents/OpenEvolve/Frontend/voicetree-1-2/welcome_to.md',
          outgoingEdges: [ [Object] ],
          contentWithoutYamlOrLinks: '# Hello\r\n\r\nwelcome to [welcome_to_voicetree.md]*',
          nodeUIMetadata: {
            color: [Object],
            position: [Object],
            additionalYAMLProps: {},
            isContextNode: false
          }
        }
      }
    }
  ]
]
[2026-02-01 16:08:09.765] [info]  [uiAPI] Sending IPC: updateFloatingEditorsFromExternal [
  [
    {
      type: 'DeleteNode',
      nodeId: 'C:/Users/mmeadow/Documents/OpenEvolve/Frontend/voicetree-1-2/ctx-nodes/welcome_to_voicetree_context_1769990543495.md',
      deletedNode: {
        _tag: 'Some',
        value: {
          absoluteFilePathIsID: 'C:/Users/mmeadow/Documents/OpenEvolve/Frontend/voicetree-1-2/ctx-nodes/welcome_to_voicetree_context_1769990543495.md',
          outgoingEdges: [],
          contentWithoutYamlOrLinks: '# ctx\n' +
            'Nearby nodes to: C:/Users/mmeadow/Documents/OpenEvolve/Frontend/voicetree-1-2/welcome_to_voicetree.md\n' +
            '```\n' +
            'Voicetree\n' +
            '├── Generate codebase graph (run me)\n' +
            '├── Hover over me\n' +
            '└── Hello\n' +
            '```\n' +
            '\n' +
            '## Node Contents \n' +
            '<C:/Users/mmeadow/Documents/OpenEvolve/Frontend/voicetree-1-2/welcome_to_voicetree.md> \n' +
            ' # Voicetree\n' +
            '\n' +
            '## The spatial IDE for multi-agent orchestration\n' +
            '\n' +
            '##### Build massive projects out of hundreds of agent sessions whose outputs are all saved, connected together, and turned into a Markdown mindmap. Spatially navigate the graph to hand-hold agents as they recursively fork themselves.\n' +
            '\n' +
            'Optimise for seeing only the most relevant information at the necessary level of abstraction.\n' +
            '\n' +
            'ready? [\\[run_me.md]\\]\n' +
            '\n' +
            'The frontend directory is the parent directory to this directory\n' +
            '\n' +
            'explore the features [\\[hover_over_me.md]\\] \n' +
            ' </C:/Users/mmeadow/Documents/OpenEvolve/Frontend/voicetree-1-2/welcome_to_voicetree.md>\n' +
            '<C:/Users/mmeadow/Documents/OpenEvolve/Frontend/voicetree-1-2/run_me.md> \n' +
            ' # Generate codebase graph (run me)\n' +
            '\n' +
            '### Your task is to run the following workflow\n' +
            '\n' +
            '1. **Explore** the codebase (use explore subagents)\n' +
            '2. **Identify** the top ~7 major modules\n' +
            '3. **Create a node** for each module containing:\n' +
            '    - Concise purpose summary\n' +
            '    - Mermaid diagrams for the core flow\n' +
            '    - Notable gotchas or tech debt\n' +
            'There is no need for you or the subagents to create an additional progress node, the module nodes already satisfy this requirement.\n' +
            '4. **Spawn voicetree agents** on each module to break it down one level further\n' +
            '   5. C:\\Users\\mmeadow\\AppData\\Roaming\\Voicetree\\tools\\prompts\\addNode.md"\n' +
            '\n' +
            '## Constraints\n' +
            '\n' +
            '- **Max 7 modules** per level\n' +
            '- **Tree structure**: each node links only to its direct parent\n' +
            '- **Depth limit**: subagents do NOT spawn further agents\n' +
            ' \n' +
            ' </C:/Users/mmeadow/Documents/OpenEvolve/Frontend/voicetree-1-2/run_me.md>\n' +
            '<C:/Users/mmeadow/Documents/OpenEvolve/Frontend/voicetree-1-2/hover_over_me.md> \n' +
            ' # Hover over me\r\n' +
            '\r\n' +
            'Recommended usage for agentic engineering:\r\n' +
            '\r\n' +
            '1. Brainstorm a large task in the mindmap itself. Get AI to help review and suggest options as needed.\r\n' +
            '\r\n' +
            '2. Start executing agents on branches of the brainstorm. For larger/harder parts of the project, Tell agents to "decompose plan into a dependency graph of nodes, and then spawn voicetree agents to work through it"\r\n' +
            '\r\n' +
            '3. Rotate between the idle agents (cmd + [\\[ keyboard shortcut), to see if they need help or to be nudged towards true completion.\r\n' +
            '\r\n' +
            '4. Since the feature will never be pixel perfect on the first iteration, for running next steps, spawn agents directly on handover notes automatically created by the previous sessions.\r\n' +
            '\r\n' +
            '5. Zoom out to see the big picture of the shape of the work you and your agents did, useful for identifying productivity bottlenecks.\r\n' +
            '\r\n' +
            '\r\n' +
            '### Voicetree features\r\n' +
            '\r\n' +
            'Above the node editor, you will see 6 buttons, these are all the actions you can perform on a node. Try adding a child node now.\r\n' +
            '\r\n' +
            'Markdown support:\r\n' +
            '\r\n' +
            '**Code blocks:**\r\n' +
            '```typescript\r\n' +
            'while (true) {\r\n' +
            '+  const x : string = "Hello World!"\r\n' +
            '-  // agents will automatically produce handover nodes with their diff  \r\n' +
            '  ...\r\n' +
            '}\r\n' +
            '```\r\n' +
            '\r\n' +
            '**Mermaid diagram blocks:**\r\n' +
            '```mermaid\r\n' +
            'flowchart LR\r\n' +
            '      A((Voice)) --> B((Tree))\r\n' +
            '```\r\n' +
            '\r\n' +
            'You can add edges to other nodes by typing a wikilink. Start typing double square brackets, and an autocomplete will pop up, to insert links to another nodes path like so: [to_the_other_nodes_relative_or_absolute_path.md]\\]]\r\n' +
            '\r\n' +
            '# Hotkeys & other features\r\n' +
            '\r\n' +
            '### Navigation\r\n' +
            '- Hold **space** to follow most recent node\r\n' +
            '- **Cmd + ] or [\\[** to cycle between terminals\r\n' +
            '- **Cmd + 1-5** to navigate to recently added or modified nodes (appear as tabs in the top left)\r\n' +
            '- **Cmd + E** to open the graph search / command pallete (nodes here are ordererd by recently selected), cmd + f, cmd + k also work\r\n' +
            '\r\n' +
            '## Markdown nodes\r\n' +
            '- **Cmd + drag** to select nodes. Hover also selects node.\r\n' +
            '- **Cmd + n** to create new child node, or if no node is selected, creates orphan node\r\n' +
            '- **Cmd + backspace** to delete selected node(s)\r\n' +
            '- **Cmd + enter** to run this node the default agent (first agent in the agents array in settings.json)\r\n' +
            '- **Cmd + z** / **cmd + shift + z** to undo / redo \r\n' +
            '- **Cmd + w** to close terminals and editors\r\n' +
            '\r\n' +
            '- when a node is selected, you can speak directly into it! A chip with transcribed text will appear\r\n' +
            '\r\n' +
            '### Settings\r\n' +
            'All settings are currently contained in the settings.json file (`~/Library/Application\\ Support/VoiceTree/settings.json`) \r\n' +
            '\r\n' +
            'You can open the editor for this file in the floating menu on the right hand side of the graph.\r\n' +
            '\r\n' +
            '### Agents\r\n' +
            '\r\n' +
            "Agents can add nodes via their filesystem tools, since nodes are just markdown files. For example, you can tell agents to 'add a progress tree to the graph'\r\n" +
            '\r\n' +
            'You can create custom agents in the settings\r\n' +
            '\r\n' +
            'For example, you could create a "fix broken tests agent", which has a custom CLI command and prompt. \r\n' +
            '\r\n' +
            '\r\n' +
            '#### Context nodes\r\n' +
            'When you run an agent, it will produce a context node, this is a traversal of nodes within distance=6 (configurable in the settings)\r\n' +
            'This is the context that will be injected into the agent at startup.\r\n' +
            '\r\n' +
            '#### Works amazingly with spec driven development\r\n' +
            'VoiceTree pairs perfectly with OpenSpec for AI-assisted development.\r\n' +
            '\r\n' +
            'Just tell your agent: "Please create an OpenSpec change proposal for this feature" - the markdown files will appear in the graph.\r\n' +
            'Works Amazingly With OpenSpec\r\n' +
            'VoiceTree pairs perfectly with OpenSpec for AI-assisted development.\r\n' +
            '\r\n' +
            'Just tell your agent: "Please create an OpenSpec change proposal for this feature" - the markdown files will appear in the graph.\r\n' +
            '\r\n' +
            '[[to_the_other_nodes_relative_or_absolute_path.md]\\]\r\n' +
            '[\\[to_the_other_nodes_relative_or_absolute_path.md]\\] \n' +
            ' </C:/Users/mmeadow/Documents/OpenEvolve/Frontend/voicetree-1-2/hover_over_me.md>\n' +
            '<C:/Users/mmeadow/Documents/OpenEvolve/Frontend/voicetree-1-2/welcome_to.md> \n' +
            ' # Hello\r\n' +
            '\r\n' +
            'welcome to [\\[welcome_to_voicetree.md]\\] \n' +
            ' </C:/Users/mmeadow/Documents/OpenEvolve/Frontend/voicetree-1-2/welcome_to.md>\n' +
            '<TASK> IMPORTANT. YOUR specific task, and the most relevant context is the source note you were spawned from, which is:\n' +
            '        C:/Users/mmeadow/Documents/OpenEvolve/Frontend/voicetree-1-2/welcome_to_voicetree.md: # Voicetree\n' +
            '\n' +
            '## The spatial IDE for multi-agent orchestration\n' +
            '\n' +
            '##### Build massive projects out of hundreds of agent sessions whose outputs are all saved, connected together, and turned into a Markdown mindmap. Spatially navigate the graph to hand-hold agents as they recursively fork themselves.\n' +
            '\n' +
            'Optimise for seeing only the most relevant information at the necessary level of abstraction.\n' +
            '\n' +
            'ready? [\\[run_me.md]\\]\n' +
            '\n' +
            'The frontend directory is the parent directory to this directory\n' +
            '\n' +
            'explore the features [\\[hover_over_me.md]\\] </TASK>\n' +
            '\n',
          nodeUIMetadata: {
            color: [Object],
            position: [Object],
            additionalYAMLProps: [Object],
            isContextNode: true,
            containedNodeIds: [Array]
          }
        }
      }
    }
  ]
]
[2026-02-01 16:08:11.653] [info]  [uiAPI] Sending IPC: updateFloatingEditorsFromExternal [
  [
    {
      type: 'DeleteNode',
      nodeId: 'C:/Users/mmeadow/Documents/OpenEvolve/Frontend/voicetree-1-2/ctx-nodes/welcome_to_voicetree_context_1769990775805.md',
      deletedNode: {
        _tag: 'Some',
        value: {
          absoluteFilePathIsID: 'C:/Users/mmeadow/Documents/OpenEvolve/Frontend/voicetree-1-2/ctx-nodes/welcome_to_voicetree_context_1769990775805.md',
          outgoingEdges: [],
          contentWithoutYamlOrLinks: '# ctx\n' +
            'Nearby nodes to: C:/Users/mmeadow/Documents/OpenEvolve/Frontend/voicetree-1-2/welcome_to_voicetree.md\n' +
            '```\n' +
            'Voicetree\n' +
            '├── Generate codebase graph (run me)\n' +
            '├── Hover over me\n' +
            '└── Hello\n' +
            '```\n' +
            '\n' +
            '## Node Contents \n' +
            '<C:/Users/mmeadow/Documents/OpenEvolve/Frontend/voicetree-1-2/welcome_to_voicetree.md> \n' +
            ' # Voicetree\n' +
            '\n' +
            '## The spatial IDE for multi-agent orchestration\n' +
            '\n' +
            '##### Build massive projects out of hundreds of agent sessions whose outputs are all saved, connected together, and turned into a Markdown mindmap. Spatially navigate the graph to hand-hold agents as they recursively fork themselves.\n' +
            '\n' +
            'Optimise for seeing only the most relevant information at the necessary level of abstraction.\n' +
            '\n' +
            'ready? [\\[run_me.md]\\]\n' +
            '\n' +
            'The frontend directory is the parent directory to this directory\n' +
            '\n' +
            'explore the features [\\[hover_over_me.md]\\] \n' +
            ' </C:/Users/mmeadow/Documents/OpenEvolve/Frontend/voicetree-1-2/welcome_to_voicetree.md>\n' +
            '<C:/Users/mmeadow/Documents/OpenEvolve/Frontend/voicetree-1-2/run_me.md> \n' +
            ' # Generate codebase graph (run me)\n' +
            '\n' +
            '### Your task is to run the following workflow\n' +
            '\n' +
            '1. **Explore** the codebase (use explore subagents)\n' +
            '2. **Identify** the top ~7 major modules\n' +
            '3. **Create a node** for each module containing:\n' +
            '    - Concise purpose summary\n' +
            '    - Mermaid diagrams for the core flow\n' +
            '    - Notable gotchas or tech debt\n' +
            'There is no need for you or the subagents to create an additional progress node, the module nodes already satisfy this requirement.\n' +
            '4. **Spawn voicetree agents** on each module to break it down one level further\n' +
            '   5. C:\\Users\\mmeadow\\AppData\\Roaming\\Voicetree\\tools\\prompts\\addNode.md"\n' +
            '\n' +
            '## Constraints\n' +
            '\n' +
            '- **Max 7 modules** per level\n' +
            '- **Tree structure**: each node links only to its direct parent\n' +
            '- **Depth limit**: subagents do NOT spawn further agents\n' +
            ' \n' +
            ' </C:/Users/mmeadow/Documents/OpenEvolve/Frontend/voicetree-1-2/run_me.md>\n' +
            '<C:/Users/mmeadow/Documents/OpenEvolve/Frontend/voicetree-1-2/hover_over_me.md> \n' +
            ' # Hover over me\r\n' +
            '\r\n' +
            'Recommended usage for agentic engineering:\r\n' +
            '\r\n' +
            '1. Brainstorm a large task in the mindmap itself. Get AI to help review and suggest options as needed.\r\n' +
            '\r\n' +
            '2. Start executing agents on branches of the brainstorm. For larger/harder parts of the project, Tell agents to "decompose plan into a dependency graph of nodes, and then spawn voicetree agents to work through it"\r\n' +
            '\r\n' +
            '3. Rotate between the idle agents (cmd + [\\[ keyboard shortcut), to see if they need help or to be nudged towards true completion.\r\n' +
            '\r\n' +
            '4. Since the feature will never be pixel perfect on the first iteration, for running next steps, spawn agents directly on handover notes automatically created by the previous sessions.\r\n' +
            '\r\n' +
            '5. Zoom out to see the big picture of the shape of the work you and your agents did, useful for identifying productivity bottlenecks.\r\n' +
            '\r\n' +
            '\r\n' +
            '### Voicetree features\r\n' +
            '\r\n' +
            'Above the node editor, you will see 6 buttons, these are all the actions you can perform on a node. Try adding a child node now.\r\n' +
            '\r\n' +
            'Markdown support:\r\n' +
            '\r\n' +
            '**Code blocks:**\r\n' +
            '```typescript\r\n' +
            'while (true) {\r\n' +
            '+  const x : string = "Hello World!"\r\n' +
            '-  // agents will automatically produce handover nodes with their diff  \r\n' +
            '  ...\r\n' +
            '}\r\n' +
            '```\r\n' +
            '\r\n' +
            '**Mermaid diagram blocks:**\r\n' +
            '```mermaid\r\n' +
            'flowchart LR\r\n' +
            '      A((Voice)) --> B((Tree))\r\n' +
            '```\r\n' +
            '\r\n' +
            'You can add edges to other nodes by typing a wikilink. Start typing double square brackets, and an autocomplete will pop up, to insert links to another nodes path like so: [to_the_other_nodes_relative_or_absolute_path.md]\\]]\r\n' +
            '\r\n' +
            '# Hotkeys & other features\r\n' +
            '\r\n' +
            '### Navigation\r\n' +
            '- Hold **space** to follow most recent node\r\n' +
            '- **Cmd + ] or [\\[** to cycle between terminals\r\n' +
            '- **Cmd + 1-5** to navigate to recently added or modified nodes (appear as tabs in the top left)\r\n' +
            '- **Cmd + E** to open the graph search / command pallete (nodes here are ordererd by recently selected), cmd + f, cmd + k also work\r\n' +
            '\r\n' +
            '## Markdown nodes\r\n' +
            '- **Cmd + drag** to select nodes. Hover also selects node.\r\n' +
            '- **Cmd + n** to create new child node, or if no node is selected, creates orphan node\r\n' +
            '- **Cmd + backspace** to delete selected node(s)\r\n' +
            '- **Cmd + enter** to run this node the default agent (first agent in the agents array in settings.json)\r\n' +
            '- **Cmd + z** / **cmd + shift + z** to undo / redo \r\n' +
            '- **Cmd + w** to close terminals and editors\r\n' +
            '\r\n' +
            '- when a node is selected, you can speak directly into it! A chip with transcribed text will appear\r\n' +
            '\r\n' +
            '### Settings\r\n' +
            'All settings are currently contained in the settings.json file (`~/Library/Application\\ Support/VoiceTree/settings.json`) \r\n' +
            '\r\n' +
            'You can open the editor for this file in the floating menu on the right hand side of the graph.\r\n' +
            '\r\n' +
            '### Agents\r\n' +
            '\r\n' +
            "Agents can add nodes via their filesystem tools, since nodes are just markdown files. For example, you can tell agents to 'add a progress tree to the graph'\r\n" +
            '\r\n' +
            'You can create custom agents in the settings\r\n' +
            '\r\n' +
            'For example, you could create a "fix broken tests agent", which has a custom CLI command and prompt. \r\n' +
            '\r\n' +
            '\r\n' +
            '#### Context nodes\r\n' +
            'When you run an agent, it will produce a context node, this is a traversal of nodes within distance=6 (configurable in the settings)\r\n' +
            'This is the context that will be injected into the agent at startup.\r\n' +
            '\r\n' +
            '#### Works amazingly with spec driven development\r\n' +
            'VoiceTree pairs perfectly with OpenSpec for AI-assisted development.\r\n' +
            '\r\n' +
            'Just tell your agent: "Please create an OpenSpec change proposal for this feature" - the markdown files will appear in the graph.\r\n' +
            'Works Amazingly With OpenSpec\r\n' +
            'VoiceTree pairs perfectly with OpenSpec for AI-assisted development.\r\n' +
            '\r\n' +
            'Just tell your agent: "Please create an OpenSpec change proposal for this feature" - the markdown files will appear in the graph.\r\n' +
            '\r\n' +
            '[[to_the_other_nodes_relative_or_absolute_path.md]\\]\r\n' +
            '[\\[to_the_other_nodes_relative_or_absolute_path.md]\\] \n' +
            ' </C:/Users/mmeadow/Documents/OpenEvolve/Frontend/voicetree-1-2/hover_over_me.md>\n' +
            '<C:/Users/mmeadow/Documents/OpenEvolve/Frontend/voicetree-1-2/welcome_to.md> \n' +
            ' # Hello\r\n' +
            '\r\n' +
            'welcome to [\\[welcome_to_voicetree.md]\\] \n' +
            ' </C:/Users/mmeadow/Documents/OpenEvolve/Frontend/voicetree-1-2/welcome_to.md>\n' +
            '<TASK> IMPORTANT. YOUR specific task, and the most relevant context is the source note you were spawned from, which is:\n' +
            '        C:/Users/mmeadow/Documents/OpenEvolve/Frontend/voicetree-1-2/welcome_to_voicetree.md: # Voicetree\n' +
            '\n' +
            '## The spatial IDE for multi-agent orchestration\n' +
            '\n' +
            '##### Build massive projects out of hundreds of agent sessions whose outputs are all saved, connected together, and turned into a Markdown mindmap. Spatially navigate the graph to hand-hold agents as they recursively fork themselves.\n' +
            '\n' +
            'Optimise for seeing only the most relevant information at the necessary level of abstraction.\n' +
            '\n' +
            'ready? [\\[run_me.md]\\]\n' +
            '\n' +
            'The frontend directory is the parent directory to this directory\n' +
            '\n' +
            'explore the features [\\[hover_over_me.md]\\] </TASK>\n' +
            '\n',
          nodeUIMetadata: {
            color: [Object],
            position: [Object],
            additionalYAMLProps: [Object],
            isContextNode: true,
            containedNodeIds: [Array]
          }
        }
      }
    }
  ]
]
[2026-02-01 16:08:16.791] [info]  [uiAPI] Sending IPC: syncTerminals [
  [
    {
      terminalId: 'C:/Users/mmeadow/Documents/OpenEvolve/Frontend/voicetree-1-2/ctx-nodes/analyzing_voicetree_project_progress_context_1769990852218.md-terminal-0',
      terminalData: {
        type: 'Terminal',
        terminalId: 'C:/Users/mmeadow/Documents/OpenEvolve/Frontend/voicetree-1-2/ctx-nodes/analyzing_voicetree_project_progress_context_1769990852218.md-terminal-0',
        attachedToNodeId: 'C:/Users/mmeadow/Documents/OpenEvolve/Frontend/voicetree-1-2/ctx-nodes/analyzing_voicetree_project_progress_context_1769990852218.md',
        terminalCount: 0,
        title: 'Analyzing Voicetree Project Progress',
        anchoredToNodeId: {
          _tag: 'Some',
          value: 'C:/Users/mmeadow/Documents/OpenEvolve/Frontend/voicetree-1-2/analyzing_voicetree_project_progress.md'
        },
        initialEnvVars: {
          VOICETREE_APP_SUPPORT: 'C:\\Users\\mmeadow\\AppData\\Roaming\\Voicetree',
          VOICETREE_VAULT_PATH: 'C:/Users/mmeadow/Documents/OpenEvolve/Frontend/voicetree-1-2',
          ALL_MARKDOWN_READ_PATHS: 'C:/Users/mmeadow/Documents/OpenEvolve/Frontend/voicetree-1-2',
          CONTEXT_NODE_PATH: 'C:/Users/mmeadow/Documents/OpenEvolve/Frontend/voicetree-1-2/ctx-nodes/analyzing_voicetree_project_progress_context_1769990852218.md',
          TASK_NODE_PATH: 'C:/Users/mmeadow/Documents/OpenEvolve/Frontend/voicetree-1-2/analyzing_voicetree_project_progress.md',
          VOICETREE_TERMINAL_ID: 'C:/Users/mmeadow/Documents/OpenEvolve/Frontend/voicetree-1-2/ctx-nodes/analyzing_voicetree_project_progress_context_1769990852218.md-terminal-0',
          AGENT_NAME: 'Fei',
          AGENT_PROMPT: 'First read and analyze the context of your task, which is stored at C:/Users/mmeadow/Documents/OpenEvolve/Frontend/voicetree-1-2/ctx-nodes/analyzing_voicetree_project_progress_context_1769990852218.md You are being run within a graph of Markdown files that represents your project context. These markdown files are stored within C:/Users/mmeadow/Documents/OpenEvolve/Frontend/voicetree-1-2 <HANDLING_AMBIGUITY> If your task has non-trivial ambiguity, stop and ask the user for clarifications. For each clarifying question include your current working assumption. Otherwise, if the task is clear, continue working on it, or developing your task plan until ambiguity does arise. </HANDLING_AMBIGUITY> <TASK_NODES_INSTRUCTION> For the entire duration of this session, before you report completion to the user for any query, task, sub-task, proposal, or other form of non-trivial progress, you MUST: 1. Read C:\\Users\\mmeadow\\AppData\\Roaming\\Voicetree/tools/prompts/addNode.md 2. Follow the instructions to create progress nodes documenting your work If using a todolist, add "Read addNode.md instructions and create progress node" as an item. You must create a progress node before reporting completion to the user. You must continue to do this for any follow-ups by either updating existing progress nodes, or creating new ones. </TASK_NODES_INSTRUCTION>'
        },
        initialSpawnDirectory: 'C:\\Users\\mmeadow\\Documents\\OpenEvolve\\Frontend\\',
        initialCommand: 'gemini "$env:AGENT_PROMPT" --yolo',
        executeCommand: true,
        resizable: true,
        shadowNodeDimensions: { width: 340, height: 380 },
        isPinned: true,
        isDone: false,
        lastOutputTime: 1769990852224,
        activityCount: 0,
        parentTerminalId: null,
        agentName: 'Fei'
      },
      status: 'running'
    }
  ]
]
[2026-02-01 16:08:18.047] [info]  [uiAPI] Sending IPC: syncTerminals [
  [
    {
      terminalId: 'C:/Users/mmeadow/Documents/OpenEvolve/Frontend/voicetree-1-2/ctx-nodes/analyzing_voicetree_project_progress_context_1769990852218.md-terminal-0',
      terminalData: {
        type: 'Terminal',
        terminalId: 'C:/Users/mmeadow/Documents/OpenEvolve/Frontend/voicetree-1-2/ctx-nodes/analyzing_voicetree_project_progress_context_1769990852218.md-terminal-0',
        attachedToNodeId: 'C:/Users/mmeadow/Documents/OpenEvolve/Frontend/voicetree-1-2/ctx-nodes/analyzing_voicetree_project_progress_context_1769990852218.md',
        terminalCount: 0,
        title: 'Analyzing Voicetree Project Progress',
        anchoredToNodeId: {
          _tag: 'Some',
          value: 'C:/Users/mmeadow/Documents/OpenEvolve/Frontend/voicetree-1-2/analyzing_voicetree_project_progress.md'
        },
        initialEnvVars: {
          VOICETREE_APP_SUPPORT: 'C:\\Users\\mmeadow\\AppData\\Roaming\\Voicetree',
          VOICETREE_VAULT_PATH: 'C:/Users/mmeadow/Documents/OpenEvolve/Frontend/voicetree-1-2',
          ALL_MARKDOWN_READ_PATHS: 'C:/Users/mmeadow/Documents/OpenEvolve/Frontend/voicetree-1-2',
          CONTEXT_NODE_PATH: 'C:/Users/mmeadow/Documents/OpenEvolve/Frontend/voicetree-1-2/ctx-nodes/analyzing_voicetree_project_progress_context_1769990852218.md',
          TASK_NODE_PATH: 'C:/Users/mmeadow/Documents/OpenEvolve/Frontend/voicetree-1-2/analyzing_voicetree_project_progress.md',
          VOICETREE_TERMINAL_ID: 'C:/Users/mmeadow/Documents/OpenEvolve/Frontend/voicetree-1-2/ctx-nodes/analyzing_voicetree_project_progress_context_1769990852218.md-terminal-0',
          AGENT_NAME: 'Fei',
          AGENT_PROMPT: 'First read and analyze the context of your task, which is stored at C:/Users/mmeadow/Documents/OpenEvolve/Frontend/voicetree-1-2/ctx-nodes/analyzing_voicetree_project_progress_context_1769990852218.md You are being run within a graph of Markdown files that represents your project context. These markdown files are stored within C:/Users/mmeadow/Documents/OpenEvolve/Frontend/voicetree-1-2 <HANDLING_AMBIGUITY> If your task has non-trivial ambiguity, stop and ask the user for clarifications. For each clarifying question include your current working assumption. Otherwise, if the task is clear, continue working on it, or developing your task plan until ambiguity does arise. </HANDLING_AMBIGUITY> <TASK_NODES_INSTRUCTION> For the entire duration of this session, before you report completion to the user for any query, task, sub-task, proposal, or other form of non-trivial progress, you MUST: 1. Read C:\\Users\\mmeadow\\AppData\\Roaming\\Voicetree/tools/prompts/addNode.md 2. Follow the instructions to create progress nodes documenting your work If using a todolist, add "Read addNode.md instructions and create progress node" as an item. You must create a progress node before reporting completion to the user. You must continue to do this for any follow-ups by either updating existing progress nodes, or creating new ones. </TASK_NODES_INSTRUCTION>'
        },
        initialSpawnDirectory: 'C:\\Users\\mmeadow\\Documents\\OpenEvolve\\Frontend\\',
        initialCommand: 'gemini "$env:AGENT_PROMPT" --yolo',
        executeCommand: true,
        resizable: true,
        shadowNodeDimensions: { width: 340, height: 380 },
        isPinned: true,
        isDone: true,
        lastOutputTime: 1769990852224,
        activityCount: 0,
        parentTerminalId: null,
        agentName: 'Fei'
      },
      status: 'running'
    }
  ]
]
[2026-02-01 16:08:20.888] [info]  [uiAPI] Sending IPC: syncTerminals [
  [
    {
      terminalId: 'C:/Users/mmeadow/Documents/OpenEvolve/Frontend/voicetree-1-2/ctx-nodes/analyzing_voicetree_project_progress_context_1769990852218.md-terminal-0',
      terminalData: {
        type: 'Terminal',
        terminalId: 'C:/Users/mmeadow/Documents/OpenEvolve/Frontend/voicetree-1-2/ctx-nodes/analyzing_voicetree_project_progress_context_1769990852218.md-terminal-0',
        attachedToNodeId: 'C:/Users/mmeadow/Documents/OpenEvolve/Frontend/voicetree-1-2/ctx-nodes/analyzing_voicetree_project_progress_context_1769990852218.md',
        terminalCount: 0,
        title: 'Analyzing Voicetree Project Progress',
        anchoredToNodeId: {
          _tag: 'Some',
          value: 'C:/Users/mmeadow/Documents/OpenEvolve/Frontend/voicetree-1-2/analyzing_voicetree_project_progress.md'
        },
        initialEnvVars: {
          VOICETREE_APP_SUPPORT: 'C:\\Users\\mmeadow\\AppData\\Roaming\\Voicetree',
          VOICETREE_VAULT_PATH: 'C:/Users/mmeadow/Documents/OpenEvolve/Frontend/voicetree-1-2',
          ALL_MARKDOWN_READ_PATHS: 'C:/Users/mmeadow/Documents/OpenEvolve/Frontend/voicetree-1-2',
          CONTEXT_NODE_PATH: 'C:/Users/mmeadow/Documents/OpenEvolve/Frontend/voicetree-1-2/ctx-nodes/analyzing_voicetree_project_progress_context_1769990852218.md',
          TASK_NODE_PATH: 'C:/Users/mmeadow/Documents/OpenEvolve/Frontend/voicetree-1-2/analyzing_voicetree_project_progress.md',
          VOICETREE_TERMINAL_ID: 'C:/Users/mmeadow/Documents/OpenEvolve/Frontend/voicetree-1-2/ctx-nodes/analyzing_voicetree_project_progress_context_1769990852218.md-terminal-0',
          AGENT_NAME: 'Fei',
          AGENT_PROMPT: 'First read and analyze the context of your task, which is stored at C:/Users/mmeadow/Documents/OpenEvolve/Frontend/voicetree-1-2/ctx-nodes/analyzing_voicetree_project_progress_context_1769990852218.md You are being run within a graph of Markdown files that represents your project context. These markdown files are stored within C:/Users/mmeadow/Documents/OpenEvolve/Frontend/voicetree-1-2 <HANDLING_AMBIGUITY> If your task has non-trivial ambiguity, stop and ask the user for clarifications. For each clarifying question include your current working assumption. Otherwise, if the task is clear, continue working on it, or developing your task plan until ambiguity does arise. </HANDLING_AMBIGUITY> <TASK_NODES_INSTRUCTION> For the entire duration of this session, before you report completion to the user for any query, task, sub-task, proposal, or other form of non-trivial progress, you MUST: 1. Read C:\\Users\\mmeadow\\AppData\\Roaming\\Voicetree/tools/prompts/addNode.md 2. Follow the instructions to create progress nodes documenting your work If using a todolist, add "Read addNode.md instructions and create progress node" as an item. You must create a progress node before reporting completion to the user. You must continue to do this for any follow-ups by either updating existing progress nodes, or creating new ones. </TASK_NODES_INSTRUCTION>'
        },
        initialSpawnDirectory: 'C:\\Users\\mmeadow\\Documents\\OpenEvolve\\Frontend\\',
        initialCommand: 'gemini "$env:AGENT_PROMPT" --yolo',
        executeCommand: true,
        resizable: true,
        shadowNodeDimensions: { width: 340, height: 380 },
        isPinned: true,
        isDone: false,
        lastOutputTime: 1769990852224,
        activityCount: 0,
        parentTerminalId: null,
        agentName: 'Fei'
      },
      status: 'running'
    }
  ]
]
[2026-02-01 16:08:45.246] [info]  [uiAPI] Sending IPC: syncTerminals [
  [
    {
      terminalId: 'C:/Users/mmeadow/Documents/OpenEvolve/Frontend/voicetree-1-2/ctx-nodes/analyzing_voicetree_project_progress_context_1769990852218.md-terminal-0',
      terminalData: {
        type: 'Terminal',
        terminalId: 'C:/Users/mmeadow/Documents/OpenEvolve/Frontend/voicetree-1-2/ctx-nodes/analyzing_voicetree_project_progress_context_1769990852218.md-terminal-0',
        attachedToNodeId: 'C:/Users/mmeadow/Documents/OpenEvolve/Frontend/voicetree-1-2/ctx-nodes/analyzing_voicetree_project_progress_context_1769990852218.md',
        terminalCount: 0,
        title: 'Analyzing Voicetree Project Progress',
        anchoredToNodeId: {
          _tag: 'Some',
          value: 'C:/Users/mmeadow/Documents/OpenEvolve/Frontend/voicetree-1-2/analyzing_voicetree_project_progress.md'
        },
        initialEnvVars: {
          VOICETREE_APP_SUPPORT: 'C:\\Users\\mmeadow\\AppData\\Roaming\\Voicetree',
          VOICETREE_VAULT_PATH: 'C:/Users/mmeadow/Documents/OpenEvolve/Frontend/voicetree-1-2',
          ALL_MARKDOWN_READ_PATHS: 'C:/Users/mmeadow/Documents/OpenEvolve/Frontend/voicetree-1-2',
          CONTEXT_NODE_PATH: 'C:/Users/mmeadow/Documents/OpenEvolve/Frontend/voicetree-1-2/ctx-nodes/analyzing_voicetree_project_progress_context_1769990852218.md',
          TASK_NODE_PATH: 'C:/Users/mmeadow/Documents/OpenEvolve/Frontend/voicetree-1-2/analyzing_voicetree_project_progress.md',
          VOICETREE_TERMINAL_ID: 'C:/Users/mmeadow/Documents/OpenEvolve/Frontend/voicetree-1-2/ctx-nodes/analyzing_voicetree_project_progress_context_1769990852218.md-terminal-0',
          AGENT_NAME: 'Fei',
          AGENT_PROMPT: 'First read and analyze the context of your task, which is stored at C:/Users/mmeadow/Documents/OpenEvolve/Frontend/voicetree-1-2/ctx-nodes/analyzing_voicetree_project_progress_context_1769990852218.md You are being run within a graph of Markdown files that represents your project context. These markdown files are stored within C:/Users/mmeadow/Documents/OpenEvolve/Frontend/voicetree-1-2 <HANDLING_AMBIGUITY> If your task has non-trivial ambiguity, stop and ask the user for clarifications. For each clarifying question include your current working assumption. Otherwise, if the task is clear, continue working on it, or developing your task plan until ambiguity does arise. </HANDLING_AMBIGUITY> <TASK_NODES_INSTRUCTION> For the entire duration of this session, before you report completion to the user for any query, task, sub-task, proposal, or other form of non-trivial progress, you MUST: 1. Read C:\\Users\\mmeadow\\AppData\\Roaming\\Voicetree/tools/prompts/addNode.md 2. Follow the instructions to create progress nodes documenting your work If using a todolist, add "Read addNode.md instructions and create progress node" as an item. You must create a progress node before reporting completion to the user. You must continue to do this for any follow-ups by either updating existing progress nodes, or creating new ones. </TASK_NODES_INSTRUCTION>'
        },
        initialSpawnDirectory: 'C:\\Users\\mmeadow\\Documents\\OpenEvolve\\Frontend\\',
        initialCommand: 'gemini "$env:AGENT_PROMPT" --yolo',
        executeCommand: true,
        resizable: true,
        shadowNodeDimensions: { width: 340, height: 380 },
        isPinned: true,
        isDone: true,
        lastOutputTime: 1769990852224,
        activityCount: 0,
        parentTerminalId: null,
        agentName: 'Fei'
      },
      status: 'running'
    }
  ]
]
[2026-02-01 16:08:50.180] [info]  [uiAPI] Sending IPC: syncTerminals [
  [
    {
      terminalId: 'C:/Users/mmeadow/Documents/OpenEvolve/Frontend/voicetree-1-2/ctx-nodes/analyzing_voicetree_project_progress_context_1769990852218.md-terminal-0',
      terminalData: {
        type: 'Terminal',
        terminalId: 'C:/Users/mmeadow/Documents/OpenEvolve/Frontend/voicetree-1-2/ctx-nodes/analyzing_voicetree_project_progress_context_1769990852218.md-terminal-0',
        attachedToNodeId: 'C:/Users/mmeadow/Documents/OpenEvolve/Frontend/voicetree-1-2/ctx-nodes/analyzing_voicetree_project_progress_context_1769990852218.md',
        terminalCount: 0,
        title: 'Analyzing Voicetree Project Progress',
        anchoredToNodeId: {
          _tag: 'Some',
          value: 'C:/Users/mmeadow/Documents/OpenEvolve/Frontend/voicetree-1-2/analyzing_voicetree_project_progress.md'
        },
        initialEnvVars: {
          VOICETREE_APP_SUPPORT: 'C:\\Users\\mmeadow\\AppData\\Roaming\\Voicetree',
          VOICETREE_VAULT_PATH: 'C:/Users/mmeadow/Documents/OpenEvolve/Frontend/voicetree-1-2',
          ALL_MARKDOWN_READ_PATHS: 'C:/Users/mmeadow/Documents/OpenEvolve/Frontend/voicetree-1-2',
          CONTEXT_NODE_PATH: 'C:/Users/mmeadow/Documents/OpenEvolve/Frontend/voicetree-1-2/ctx-nodes/analyzing_voicetree_project_progress_context_1769990852218.md',
          TASK_NODE_PATH: 'C:/Users/mmeadow/Documents/OpenEvolve/Frontend/voicetree-1-2/analyzing_voicetree_project_progress.md',
          VOICETREE_TERMINAL_ID: 'C:/Users/mmeadow/Documents/OpenEvolve/Frontend/voicetree-1-2/ctx-nodes/analyzing_voicetree_project_progress_context_1769990852218.md-terminal-0',
          AGENT_NAME: 'Fei',
          AGENT_PROMPT: 'First read and analyze the context of your task, which is stored at C:/Users/mmeadow/Documents/OpenEvolve/Frontend/voicetree-1-2/ctx-nodes/analyzing_voicetree_project_progress_context_1769990852218.md You are being run within a graph of Markdown files that represents your project context. These markdown files are stored within C:/Users/mmeadow/Documents/OpenEvolve/Frontend/voicetree-1-2 <HANDLING_AMBIGUITY> If your task has non-trivial ambiguity, stop and ask the user for clarifications. For each clarifying question include your current working assumption. Otherwise, if the task is clear, continue working on it, or developing your task plan until ambiguity does arise. </HANDLING_AMBIGUITY> <TASK_NODES_INSTRUCTION> For the entire duration of this session, before you report completion to the user for any query, task, sub-task, proposal, or other form of non-trivial progress, you MUST: 1. Read C:\\Users\\mmeadow\\AppData\\Roaming\\Voicetree/tools/prompts/addNode.md 2. Follow the instructions to create progress nodes documenting your work If using a todolist, add "Read addNode.md instructions and create progress node" as an item. You must create a progress node before reporting completion to the user. You must continue to do this for any follow-ups by either updating existing progress nodes, or creating new ones. </TASK_NODES_INSTRUCTION>'
        },
        initialSpawnDirectory: 'C:\\Users\\mmeadow\\Documents\\OpenEvolve\\Frontend\\',
        initialCommand: 'gemini "$env:AGENT_PROMPT" --yolo',
        executeCommand: true,
        resizable: true,
        shadowNodeDimensions: { width: 340, height: 380 },
        isPinned: true,
        isDone: false,
        lastOutputTime: 1769990852224,
        activityCount: 0,
        parentTerminalId: null,
        agentName: 'Fei'
      },
      status: 'running'
    }
  ]
]
[2026-02-01 16:09:06.249] [info]  [uiAPI] Sending IPC: syncTerminals [
  [
    {
      terminalId: 'C:/Users/mmeadow/Documents/OpenEvolve/Frontend/voicetree-1-2/ctx-nodes/analyzing_voicetree_project_progress_context_1769990852218.md-terminal-0',
      terminalData: {
        type: 'Terminal',
        terminalId: 'C:/Users/mmeadow/Documents/OpenEvolve/Frontend/voicetree-1-2/ctx-nodes/analyzing_voicetree_project_progress_context_1769990852218.md-terminal-0',
        attachedToNodeId: 'C:/Users/mmeadow/Documents/OpenEvolve/Frontend/voicetree-1-2/ctx-nodes/analyzing_voicetree_project_progress_context_1769990852218.md',
        terminalCount: 0,
        title: 'Analyzing Voicetree Project Progress',
        anchoredToNodeId: {
          _tag: 'Some',
          value: 'C:/Users/mmeadow/Documents/OpenEvolve/Frontend/voicetree-1-2/analyzing_voicetree_project_progress.md'
        },
        initialEnvVars: {
          VOICETREE_APP_SUPPORT: 'C:\\Users\\mmeadow\\AppData\\Roaming\\Voicetree',
          VOICETREE_VAULT_PATH: 'C:/Users/mmeadow/Documents/OpenEvolve/Frontend/voicetree-1-2',
          ALL_MARKDOWN_READ_PATHS: 'C:/Users/mmeadow/Documents/OpenEvolve/Frontend/voicetree-1-2',
          CONTEXT_NODE_PATH: 'C:/Users/mmeadow/Documents/OpenEvolve/Frontend/voicetree-1-2/ctx-nodes/analyzing_voicetree_project_progress_context_1769990852218.md',
          TASK_NODE_PATH: 'C:/Users/mmeadow/Documents/OpenEvolve/Frontend/voicetree-1-2/analyzing_voicetree_project_progress.md',
          VOICETREE_TERMINAL_ID: 'C:/Users/mmeadow/Documents/OpenEvolve/Frontend/voicetree-1-2/ctx-nodes/analyzing_voicetree_project_progress_context_1769990852218.md-terminal-0',
          AGENT_NAME: 'Fei',
          AGENT_PROMPT: 'First read and analyze the context of your task, which is stored at C:/Users/mmeadow/Documents/OpenEvolve/Frontend/voicetree-1-2/ctx-nodes/analyzing_voicetree_project_progress_context_1769990852218.md You are being run within a graph of Markdown files that represents your project context. These markdown files are stored within C:/Users/mmeadow/Documents/OpenEvolve/Frontend/voicetree-1-2 <HANDLING_AMBIGUITY> If your task has non-trivial ambiguity, stop and ask the user for clarifications. For each clarifying question include your current working assumption. Otherwise, if the task is clear, continue working on it, or developing your task plan until ambiguity does arise. </HANDLING_AMBIGUITY> <TASK_NODES_INSTRUCTION> For the entire duration of this session, before you report completion to the user for any query, task, sub-task, proposal, or other form of non-trivial progress, you MUST: 1. Read C:\\Users\\mmeadow\\AppData\\Roaming\\Voicetree/tools/prompts/addNode.md 2. Follow the instructions to create progress nodes documenting your work If using a todolist, add "Read addNode.md instructions and create progress node" as an item. You must create a progress node before reporting completion to the user. You must continue to do this for any follow-ups by either updating existing progress nodes, or creating new ones. </TASK_NODES_INSTRUCTION>'
        },
        initialSpawnDirectory: 'C:\\Users\\mmeadow\\Documents\\OpenEvolve\\Frontend\\',
        initialCommand: 'gemini "$env:AGENT_PROMPT" --yolo',
        executeCommand: true,
        resizable: true,
        shadowNodeDimensions: { width: 340, height: 380 },
        isPinned: true,
        isDone: true,
        lastOutputTime: 1769990852224,
        activityCount: 0,
        parentTerminalId: null,
        agentName: 'Fei'
      },
      status: 'running'
    }
  ]
]
[2026-02-01 16:09:07.409] [info]  [uiAPI] Sending IPC: syncTerminals [
  [
    {
      terminalId: 'C:/Users/mmeadow/Documents/OpenEvolve/Frontend/voicetree-1-2/ctx-nodes/analyzing_voicetree_project_progress_context_1769990852218.md-terminal-0',
      terminalData: {
        type: 'Terminal',
        terminalId: 'C:/Users/mmeadow/Documents/OpenEvolve/Frontend/voicetree-1-2/ctx-nodes/analyzing_voicetree_project_progress_context_1769990852218.md-terminal-0',
        attachedToNodeId: 'C:/Users/mmeadow/Documents/OpenEvolve/Frontend/voicetree-1-2/ctx-nodes/analyzing_voicetree_project_progress_context_1769990852218.md',
        terminalCount: 0,
        title: 'Analyzing Voicetree Project Progress',
        anchoredToNodeId: {
          _tag: 'Some',
          value: 'C:/Users/mmeadow/Documents/OpenEvolve/Frontend/voicetree-1-2/analyzing_voicetree_project_progress.md'
        },
        initialEnvVars: {
          VOICETREE_APP_SUPPORT: 'C:\\Users\\mmeadow\\AppData\\Roaming\\Voicetree',
          VOICETREE_VAULT_PATH: 'C:/Users/mmeadow/Documents/OpenEvolve/Frontend/voicetree-1-2',
          ALL_MARKDOWN_READ_PATHS: 'C:/Users/mmeadow/Documents/OpenEvolve/Frontend/voicetree-1-2',
          CONTEXT_NODE_PATH: 'C:/Users/mmeadow/Documents/OpenEvolve/Frontend/voicetree-1-2/ctx-nodes/analyzing_voicetree_project_progress_context_1769990852218.md',
          TASK_NODE_PATH: 'C:/Users/mmeadow/Documents/OpenEvolve/Frontend/voicetree-1-2/analyzing_voicetree_project_progress.md',
          VOICETREE_TERMINAL_ID: 'C:/Users/mmeadow/Documents/OpenEvolve/Frontend/voicetree-1-2/ctx-nodes/analyzing_voicetree_project_progress_context_1769990852218.md-terminal-0',
          AGENT_NAME: 'Fei',
          AGENT_PROMPT: 'First read and analyze the context of your task, which is stored at C:/Users/mmeadow/Documents/OpenEvolve/Frontend/voicetree-1-2/ctx-nodes/analyzing_voicetree_project_progress_context_1769990852218.md You are being run within a graph of Markdown files that represents your project context. These markdown files are stored within C:/Users/mmeadow/Documents/OpenEvolve/Frontend/voicetree-1-2 <HANDLING_AMBIGUITY> If your task has non-trivial ambiguity, stop and ask the user for clarifications. For each clarifying question include your current working assumption. Otherwise, if the task is clear, continue working on it, or developing your task plan until ambiguity does arise. </HANDLING_AMBIGUITY> <TASK_NODES_INSTRUCTION> For the entire duration of this session, before you report completion to the user for any query, task, sub-task, proposal, or other form of non-trivial progress, you MUST: 1. Read C:\\Users\\mmeadow\\AppData\\Roaming\\Voicetree/tools/prompts/addNode.md 2. Follow the instructions to create progress nodes documenting your work If using a todolist, add "Read addNode.md instructions and create progress node" as an item. You must create a progress node before reporting completion to the user. You must continue to do this for any follow-ups by either updating existing progress nodes, or creating new ones. </TASK_NODES_INSTRUCTION>'
        },
        initialSpawnDirectory: 'C:\\Users\\mmeadow\\Documents\\OpenEvolve\\Frontend\\',
        initialCommand: 'gemini "$env:AGENT_PROMPT" --yolo',
        executeCommand: true,
        resizable: true,
        shadowNodeDimensions: { width: 340, height: 380 },
        isPinned: true,
        isDone: false,
        lastOutputTime: 1769990852224,
        activityCount: 0,
        parentTerminalId: null,
        agentName: 'Fei'
      },
      status: 'running'
    }
  ]
]
[2026-02-01 16:09:23.241] [info]  [uiAPI] Sending IPC: syncTerminals [
  [
    {
      terminalId: 'C:/Users/mmeadow/Documents/OpenEvolve/Frontend/voicetree-1-2/ctx-nodes/analyzing_voicetree_project_progress_context_1769990852218.md-terminal-0',
      terminalData: {
        type: 'Terminal',
        terminalId: 'C:/Users/mmeadow/Documents/OpenEvolve/Frontend/voicetree-1-2/ctx-nodes/analyzing_voicetree_project_progress_context_1769990852218.md-terminal-0',
        attachedToNodeId: 'C:/Users/mmeadow/Documents/OpenEvolve/Frontend/voicetree-1-2/ctx-nodes/analyzing_voicetree_project_progress_context_1769990852218.md',
        terminalCount: 0,
        title: 'Analyzing Voicetree Project Progress',
        anchoredToNodeId: {
          _tag: 'Some',
          value: 'C:/Users/mmeadow/Documents/OpenEvolve/Frontend/voicetree-1-2/analyzing_voicetree_project_progress.md'
        },
        initialEnvVars: {
          VOICETREE_APP_SUPPORT: 'C:\\Users\\mmeadow\\AppData\\Roaming\\Voicetree',
          VOICETREE_VAULT_PATH: 'C:/Users/mmeadow/Documents/OpenEvolve/Frontend/voicetree-1-2',
          ALL_MARKDOWN_READ_PATHS: 'C:/Users/mmeadow/Documents/OpenEvolve/Frontend/voicetree-1-2',
          CONTEXT_NODE_PATH: 'C:/Users/mmeadow/Documents/OpenEvolve/Frontend/voicetree-1-2/ctx-nodes/analyzing_voicetree_project_progress_context_1769990852218.md',
          TASK_NODE_PATH: 'C:/Users/mmeadow/Documents/OpenEvolve/Frontend/voicetree-1-2/analyzing_voicetree_project_progress.md',
          VOICETREE_TERMINAL_ID: 'C:/Users/mmeadow/Documents/OpenEvolve/Frontend/voicetree-1-2/ctx-nodes/analyzing_voicetree_project_progress_context_1769990852218.md-terminal-0',
          AGENT_NAME: 'Fei',
          AGENT_PROMPT: 'First read and analyze the context of your task, which is stored at C:/Users/mmeadow/Documents/OpenEvolve/Frontend/voicetree-1-2/ctx-nodes/analyzing_voicetree_project_progress_context_1769990852218.md You are being run within a graph of Markdown files that represents your project context. These markdown files are stored within C:/Users/mmeadow/Documents/OpenEvolve/Frontend/voicetree-1-2 <HANDLING_AMBIGUITY> If your task has non-trivial ambiguity, stop and ask the user for clarifications. For each clarifying question include your current working assumption. Otherwise, if the task is clear, continue working on it, or developing your task plan until ambiguity does arise. </HANDLING_AMBIGUITY> <TASK_NODES_INSTRUCTION> For the entire duration of this session, before you report completion to the user for any query, task, sub-task, proposal, or other form of non-trivial progress, you MUST: 1. Read C:\\Users\\mmeadow\\AppData\\Roaming\\Voicetree/tools/prompts/addNode.md 2. Follow the instructions to create progress nodes documenting your work If using a todolist, add "Read addNode.md instructions and create progress node" as an item. You must create a progress node before reporting completion to the user. You must continue to do this for any follow-ups by either updating existing progress nodes, or creating new ones. </TASK_NODES_INSTRUCTION>'
        },
        initialSpawnDirectory: 'C:\\Users\\mmeadow\\Documents\\OpenEvolve\\Frontend\\',
        initialCommand: 'gemini "$env:AGENT_PROMPT" --yolo',
        executeCommand: true,
        resizable: true,
        shadowNodeDimensions: { width: 340, height: 380 },
        isPinned: true,
        isDone: true,
        lastOutputTime: 1769990852224,
        activityCount: 0,
        parentTerminalId: null,
        agentName: 'Fei'
      },
      status: 'running'
    }
  ]
]
[2026-02-01 16:09:24.508] [info]  [uiAPI] Sending IPC: syncTerminals [
  [
    {
      terminalId: 'C:/Users/mmeadow/Documents/OpenEvolve/Frontend/voicetree-1-2/ctx-nodes/analyzing_voicetree_project_progress_context_1769990852218.md-terminal-0',
      terminalData: {
        type: 'Terminal',
        terminalId: 'C:/Users/mmeadow/Documents/OpenEvolve/Frontend/voicetree-1-2/ctx-nodes/analyzing_voicetree_project_progress_context_1769990852218.md-terminal-0',
        attachedToNodeId: 'C:/Users/mmeadow/Documents/OpenEvolve/Frontend/voicetree-1-2/ctx-nodes/analyzing_voicetree_project_progress_context_1769990852218.md',
        terminalCount: 0,
        title: 'Analyzing Voicetree Project Progress',
        anchoredToNodeId: {
          _tag: 'Some',
          value: 'C:/Users/mmeadow/Documents/OpenEvolve/Frontend/voicetree-1-2/analyzing_voicetree_project_progress.md'
        },
        initialEnvVars: {
          VOICETREE_APP_SUPPORT: 'C:\\Users\\mmeadow\\AppData\\Roaming\\Voicetree',
          VOICETREE_VAULT_PATH: 'C:/Users/mmeadow/Documents/OpenEvolve/Frontend/voicetree-1-2',
          ALL_MARKDOWN_READ_PATHS: 'C:/Users/mmeadow/Documents/OpenEvolve/Frontend/voicetree-1-2',
          CONTEXT_NODE_PATH: 'C:/Users/mmeadow/Documents/OpenEvolve/Frontend/voicetree-1-2/ctx-nodes/analyzing_voicetree_project_progress_context_1769990852218.md',
          TASK_NODE_PATH: 'C:/Users/mmeadow/Documents/OpenEvolve/Frontend/voicetree-1-2/analyzing_voicetree_project_progress.md',
          VOICETREE_TERMINAL_ID: 'C:/Users/mmeadow/Documents/OpenEvolve/Frontend/voicetree-1-2/ctx-nodes/analyzing_voicetree_project_progress_context_1769990852218.md-terminal-0',
          AGENT_NAME: 'Fei',
          AGENT_PROMPT: 'First read and analyze the context of your task, which is stored at C:/Users/mmeadow/Documents/OpenEvolve/Frontend/voicetree-1-2/ctx-nodes/analyzing_voicetree_project_progress_context_1769990852218.md You are being run within a graph of Markdown files that represents your project context. These markdown files are stored within C:/Users/mmeadow/Documents/OpenEvolve/Frontend/voicetree-1-2 <HANDLING_AMBIGUITY> If your task has non-trivial ambiguity, stop and ask the user for clarifications. For each clarifying question include your current working assumption. Otherwise, if the task is clear, continue working on it, or developing your task plan until ambiguity does arise. </HANDLING_AMBIGUITY> <TASK_NODES_INSTRUCTION> For the entire duration of this session, before you report completion to the user for any query, task, sub-task, proposal, or other form of non-trivial progress, you MUST: 1. Read C:\\Users\\mmeadow\\AppData\\Roaming\\Voicetree/tools/prompts/addNode.md 2. Follow the instructions to create progress nodes documenting your work If using a todolist, add "Read addNode.md instructions and create progress node" as an item. You must create a progress node before reporting completion to the user. You must continue to do this for any follow-ups by either updating existing progress nodes, or creating new ones. </TASK_NODES_INSTRUCTION>'
        },
        initialSpawnDirectory: 'C:\\Users\\mmeadow\\Documents\\OpenEvolve\\Frontend\\',
        initialCommand: 'gemini "$env:AGENT_PROMPT" --yolo',
        executeCommand: true,
        resizable: true,
        shadowNodeDimensions: { width: 340, height: 380 },
        isPinned: true,
        isDone: false,
        lastOutputTime: 1769990852224,
        activityCount: 0,
        parentTerminalId: null,
        agentName: 'Fei'
      },
      status: 'running'
    }
  ]
]
[2026-02-01 16:09:25.249] [info]  [uiAPI] Sending IPC: syncTerminals [
  [
    {
      terminalId: 'C:/Users/mmeadow/Documents/OpenEvolve/Frontend/voicetree-1-2/ctx-nodes/analyzing_voicetree_project_progress_context_1769990852218.md-terminal-0',
      terminalData: {
        type: 'Terminal',
        terminalId: 'C:/Users/mmeadow/Documents/OpenEvolve/Frontend/voicetree-1-2/ctx-nodes/analyzing_voicetree_project_progress_context_1769990852218.md-terminal-0',
        attachedToNodeId: 'C:/Users/mmeadow/Documents/OpenEvolve/Frontend/voicetree-1-2/ctx-nodes/analyzing_voicetree_project_progress_context_1769990852218.md',
        terminalCount: 0,
        title: 'Analyzing Voicetree Project Progress',
        anchoredToNodeId: {
          _tag: 'Some',
          value: 'C:/Users/mmeadow/Documents/OpenEvolve/Frontend/voicetree-1-2/analyzing_voicetree_project_progress.md'
        },
        initialEnvVars: {
          VOICETREE_APP_SUPPORT: 'C:\\Users\\mmeadow\\AppData\\Roaming\\Voicetree',
          VOICETREE_VAULT_PATH: 'C:/Users/mmeadow/Documents/OpenEvolve/Frontend/voicetree-1-2',
          ALL_MARKDOWN_READ_PATHS: 'C:/Users/mmeadow/Documents/OpenEvolve/Frontend/voicetree-1-2',
          CONTEXT_NODE_PATH: 'C:/Users/mmeadow/Documents/OpenEvolve/Frontend/voicetree-1-2/ctx-nodes/analyzing_voicetree_project_progress_context_1769990852218.md',
          TASK_NODE_PATH: 'C:/Users/mmeadow/Documents/OpenEvolve/Frontend/voicetree-1-2/analyzing_voicetree_project_progress.md',
          VOICETREE_TERMINAL_ID: 'C:/Users/mmeadow/Documents/OpenEvolve/Frontend/voicetree-1-2/ctx-nodes/analyzing_voicetree_project_progress_context_1769990852218.md-terminal-0',
          AGENT_NAME: 'Fei',
          AGENT_PROMPT: 'First read and analyze the context of your task, which is stored at C:/Users/mmeadow/Documents/OpenEvolve/Frontend/voicetree-1-2/ctx-nodes/analyzing_voicetree_project_progress_context_1769990852218.md You are being run within a graph of Markdown files that represents your project context. These markdown files are stored within C:/Users/mmeadow/Documents/OpenEvolve/Frontend/voicetree-1-2 <HANDLING_AMBIGUITY> If your task has non-trivial ambiguity, stop and ask the user for clarifications. For each clarifying question include your current working assumption. Otherwise, if the task is clear, continue working on it, or developing your task plan until ambiguity does arise. </HANDLING_AMBIGUITY> <TASK_NODES_INSTRUCTION> For the entire duration of this session, before you report completion to the user for any query, task, sub-task, proposal, or other form of non-trivial progress, you MUST: 1. Read C:\\Users\\mmeadow\\AppData\\Roaming\\Voicetree/tools/prompts/addNode.md 2. Follow the instructions to create progress nodes documenting your work If using a todolist, add "Read addNode.md instructions and create progress node" as an item. You must create a progress node before reporting completion to the user. You must continue to do this for any follow-ups by either updating existing progress nodes, or creating new ones. </TASK_NODES_INSTRUCTION>'
        },
        initialSpawnDirectory: 'C:\\Users\\mmeadow\\Documents\\OpenEvolve\\Frontend\\',
        initialCommand: 'gemini "$env:AGENT_PROMPT" --yolo',
        executeCommand: true,
        resizable: true,
        shadowNodeDimensions: { width: 340, height: 380 },
        isPinned: true,
        isDone: true,
        lastOutputTime: 1769990852224,
        activityCount: 0,
        parentTerminalId: null,
        agentName: 'Fei'
      },
      status: 'running'
    }
  ]
]
[2026-02-01 16:09:27.243] [info]  [uiAPI] Sending IPC: syncTerminals [
  [
    {
      terminalId: 'C:/Users/mmeadow/Documents/OpenEvolve/Frontend/voicetree-1-2/ctx-nodes/analyzing_voicetree_project_progress_context_1769990852218.md-terminal-0',
      terminalData: {
        type: 'Terminal',
        terminalId: 'C:/Users/mmeadow/Documents/OpenEvolve/Frontend/voicetree-1-2/ctx-nodes/analyzing_voicetree_project_progress_context_1769990852218.md-terminal-0',
        attachedToNodeId: 'C:/Users/mmeadow/Documents/OpenEvolve/Frontend/voicetree-1-2/ctx-nodes/analyzing_voicetree_project_progress_context_1769990852218.md',
        terminalCount: 0,
        title: 'Analyzing Voicetree Project Progress',
        anchoredToNodeId: {
          _tag: 'Some',
          value: 'C:/Users/mmeadow/Documents/OpenEvolve/Frontend/voicetree-1-2/analyzing_voicetree_project_progress.md'
        },
        initialEnvVars: {
          VOICETREE_APP_SUPPORT: 'C:\\Users\\mmeadow\\AppData\\Roaming\\Voicetree',
          VOICETREE_VAULT_PATH: 'C:/Users/mmeadow/Documents/OpenEvolve/Frontend/voicetree-1-2',
          ALL_MARKDOWN_READ_PATHS: 'C:/Users/mmeadow/Documents/OpenEvolve/Frontend/voicetree-1-2',
          CONTEXT_NODE_PATH: 'C:/Users/mmeadow/Documents/OpenEvolve/Frontend/voicetree-1-2/ctx-nodes/analyzing_voicetree_project_progress_context_1769990852218.md',
          TASK_NODE_PATH: 'C:/Users/mmeadow/Documents/OpenEvolve/Frontend/voicetree-1-2/analyzing_voicetree_project_progress.md',
          VOICETREE_TERMINAL_ID: 'C:/Users/mmeadow/Documents/OpenEvolve/Frontend/voicetree-1-2/ctx-nodes/analyzing_voicetree_project_progress_context_1769990852218.md-terminal-0',
          AGENT_NAME: 'Fei',
          AGENT_PROMPT: 'First read and analyze the context of your task, which is stored at C:/Users/mmeadow/Documents/OpenEvolve/Frontend/voicetree-1-2/ctx-nodes/analyzing_voicetree_project_progress_context_1769990852218.md You are being run within a graph of Markdown files that represents your project context. These markdown files are stored within C:/Users/mmeadow/Documents/OpenEvolve/Frontend/voicetree-1-2 <HANDLING_AMBIGUITY> If your task has non-trivial ambiguity, stop and ask the user for clarifications. For each clarifying question include your current working assumption. Otherwise, if the task is clear, continue working on it, or developing your task plan until ambiguity does arise. </HANDLING_AMBIGUITY> <TASK_NODES_INSTRUCTION> For the entire duration of this session, before you report completion to the user for any query, task, sub-task, proposal, or other form of non-trivial progress, you MUST: 1. Read C:\\Users\\mmeadow\\AppData\\Roaming\\Voicetree/tools/prompts/addNode.md 2. Follow the instructions to create progress nodes documenting your work If using a todolist, add "Read addNode.md instructions and create progress node" as an item. You must create a progress node before reporting completion to the user. You must continue to do this for any follow-ups by either updating existing progress nodes, or creating new ones. </TASK_NODES_INSTRUCTION>'
        },
        initialSpawnDirectory: 'C:\\Users\\mmeadow\\Documents\\OpenEvolve\\Frontend\\',
        initialCommand: 'gemini "$env:AGENT_PROMPT" --yolo',
        executeCommand: true,
        resizable: true,
        shadowNodeDimensions: { width: 340, height: 380 },
        isPinned: true,
        isDone: false,
        lastOutputTime: 1769990852224,
        activityCount: 0,
        parentTerminalId: null,
        agentName: 'Fei'
      },
      status: 'running'
    }
  ]
]
[2026-02-01 16:09:28.099] [info]  [uiAPI] Sending IPC: updateFloatingEditorsFromExternal [
  [
    {
      type: 'UpsertNode',
      nodeToUpsert: {
        absoluteFilePathIsID: 'C:/Users/mmeadow/Documents/OpenEvolve/Frontend/voicetree-1-2/analyzing_voicetree_project_progress.md',
        outgoingEdges: [],
        contentWithoutYamlOrLinks: '# Analyzing Voicetree Project Progress\n' +
          '\n' +
          '## Analysis of the Voicetree project structure and identification of major modules\n' +
          '\n' +
          'I have analyzed the Voicetree project structure and explored the broader codebase to identify major modules. The Voicetree project appears to be a spatial IDE for multi-agent orchestration that stores its content in markdown files forming a graph structure.\n' +
          '\n' +
          '## Key findings from codebase exploration\n' +
          '\n' +
          'After exploring the codebase in the Frontend directory, I identified several major modules that form the core of the OpenEvolve system:\n' +
          '\n' +
          '1. **ACE (Autonomous Cognitive Entity) Framework** - Contains core AI agent functionality with files like `ace_crewai_bridge.py`, `ace_mcp_tools.py`, `ace_analytics.py`, etc.\n' +
          '\n' +
          '2. **Knowledge Management System** - Includes knowledge extraction and artifact management with files like `ace_knowledge_artifacts.py`, `ace_workflow_knowledge_extractor.py`.\n' +
          '\n' +
          '3. **Adversarial Testing Framework** - Contains adversarial testing capabilities with files like `adversarial.py`, `adversarial_testing.py`, `adversarial_unified.py`.\n' +
          '\n' +
          '4. **Decomposition Engine** - Core functionality for breaking down complex tasks with files like `decomposition_engine.py`, `adaptive_decomposition_integration.py`.\n' +
          '\n' +
          '5. **API and Integration Layer** - Handles API contracts and integrations with files like `api_bridge.py`, `ace_api_utils.py`.\n' +
          '\n' +
          '6. **Analytics and Monitoring** - Provides analytics capabilities with files like `analytics.py`, `analytics_dashboard.py`, `ace_analytics.py`.\n' +
          '\n' +
          '7. **Testing and Validation Framework** - Comprehensive testing infrastructure with multiple test suites in the `tests/` directory.\n' +
          '\n' +
          'List of all additional files changed: None (this is a documentation task)\n' +
          '\n' +
          '## DIAGRAM\n' +
          '\n' +
          '```mermaid\n' +
          'graph TD\n' +
          '    A[Voicetree Spatial IDE] --> B[ACE Framework]\n' +
          '    A --> C[Knowledge Management]\n' +
          '    A --> D[Adversarial Testing]\n' +
          '    A --> E[Decomposition Engine]\n' +
          '    A --> F[API Integration]\n' +
          '    A --> G[Analytics]\n' +
          '    A --> H[Validation Framework]\n' +
          '    \n' +
          '    B --> B1[ace_crewai_bridge.py]\n' +
          '    B --> B2[ace_mcp_tools.py]\n' +
          '    B --> B3[ace_analytics.py]\n' +
          '    \n' +
          '    C --> C1[ace_knowledge_artifacts.py]\n' +
          '    C --> C2[ace_workflow_knowledge_extractor.py]\n' +
          '    \n' +
          '    D --> D1[adversarial.py]\n' +
          '    D --> D2[adversarial_testing.py]\n' +
          '    \n' +
          '    E --> E1[decomposition_engine.py]\n' +
          '    E --> E2[adaptive_decomposition_integration.py]\n' +
          '    \n' +
          '    F --> F1[api_bridge.py]\n' +
          '    F --> F2[ace_api_utils.py]\n' +
          '    \n' +
          '    G --> G1[analytics.py]\n' +
          '    G --> G2[analytics_dashboard.py]\n' +
          '    \n' +
          '    H --> H1[tests/]\n' +
          '```\n' +
          '\n' +
          '### NOTES\n' +
          '\n' +
          'This analysis was performed by exploring the directory structure and file listings in the OpenEvolve Frontend directory. The Voicetree system appears to be a sophisticated multi-agent orchestration platform that uses markdown files to represent a graph of interconnected nodes. The system has a strong focus on autonomous cognitive entities (ACE), knowledge management, and adversarial testing methodologies.\n' +
          '\n' +
          'The complexity of the codebase is high due to the integration of multiple AI frameworks, testing methodologies, and distributed agent systems. Understanding the interconnections between different modules would require deeper analysis of the actual code implementations.\n',
        nodeUIMetadata: {
          color: { _tag: 'None' },
          additionalYAMLProps: {},
          isContextNode: false
        }
      }
    }
  ]
]
[2026-02-01 16:09:34.288] [info]  [uiAPI] Sending IPC: updateFloatingEditorsFromExternal [
  [
    {
      type: 'UpsertNode',
      nodeToUpsert: {
        absoluteFilePathIsID: 'C:/Users/mmeadow/Documents/OpenEvolve/Frontend/voicetree-1-2/confirmed-analysis-of-voicetree-project-structure.md',
        outgoingEdges: [
          {
            targetId: 'C:/Users/mmeadow/Documents/OpenEvolve/Frontend/voicetree-1-2/analyzing_voicetree_project_progress.md',
            label: 'documented progress for'
          }
        ],
        contentWithoutYamlOrLinks: '\n' +
          '# Confirmed Analysis of Voicetree Project Structure\n' +
          '\n' +
          '## Detailed verification of the OpenEvolve Frontend codebase modules\n' +
          '\n' +
          'I have verified the initial analysis by deep-diving into key implementation files. The codebase demonstrates a high level of maturity with strong emphasis on security, modularity, and licensing compliance.\n' +
          '\n' +
          'Key findings from in-depth analysis:\n' +
          '\n' +
          '- **ACE Bridge Evolution**: Verified that `ace_crewai_bridge.py` explicitly replaces the Hephaestus integration to move from AGPL to MIT license, utilizing `ZeroErrorWorkflow`.\n' +
          '- **Sovereign-Grade Decomposition**: Confirmed `decomposition_engine.py` implements a sophisticated semantic decomposition strategy using LLMs with robust fallback mechanisms and integration with `OpenEvolveClient`.\n' +
          '- **Knowledge Management Sophistication**: `ace_knowledge_artifacts.py` defines a rich set of `ArtifactType` (Solution Patterns, Anti-Patterns, etc.) and `ArtifactSource` to capture learning from across the system.\n' +
          '- **Security-First Architecture**: `ace_security_utils.py` provides a centralized suite of validation tools (path resolution, JSON safety, numeric ranges) that are consistently imported across all major modules.\n' +
          '\n' +
          '## Architectural Flow\n' +
          '\n' +
          '```mermaid\n' +
          'graph LR\n' +
          '    subgraph ACE_System\n' +
          '        B[ace_crewai_bridge.py] --> Z[ZeroErrorWorkflow]\n' +
          '        B --> S[ace_security_utils.py]\n' +
          '    end\n' +
          '    \n' +
          '    subgraph Knowledge_Layer\n' +
          '        K[ace_knowledge_artifacts.py] --> KM[Knowledge Manager]\n' +
          '        W[ace_workflow_knowledge_extractor.py] --> K\n' +
          '    end\n' +
          '    \n' +
          '    subgraph Core_Engine\n' +
          '        D[decomposition_engine.py] --> OE[OpenEvolveClient]\n' +
          '        D --> PA[ProblemAnalyzer]\n' +
          '    end\n' +
          '    \n' +
          '    B -.-> K\n' +
          '    D -.-> B\n' +
          '```\n' +
          '\n' +
          '### NOTES\n' +
          "The system's architectural integrity is maintained through strict validation layers (ACE Security Utils) and a clear separation between decomposition logic and execution orchestration (CrewAI Bridge). The transition to MIT-licensed components (CrewAI) indicates a strategic move towards a more permissive and commercially friendly codebase.\n" +
          '\n' +
          'Complexity Score: 8/10. The codebase uses advanced Python patterns (decorators, abstract base classes, complex dataclasses) and integrates multiple external AI frameworks.\n' +
          '\n' +
          'documented progress for [C:/Users/mmeadow/Documents/OpenEvolve/Frontend/voicetree-1-2/analyzing_voicetree_project_progress.md]*\n',
        nodeUIMetadata: {
          color: { _tag: 'Some', value: 'blue' },
          position: { _tag: 'None' },
          additionalYAMLProps: { agent_name: 'Fei' },
          isContextNode: false
        }
      }
    }
  ]
]
[2026-02-01 16:09:55.237] [info]  [uiAPI] Sending IPC: syncTerminals [
  [
    {
      terminalId: 'C:/Users/mmeadow/Documents/OpenEvolve/Frontend/voicetree-1-2/ctx-nodes/analyzing_voicetree_project_progress_context_1769990852218.md-terminal-0',
      terminalData: {
        type: 'Terminal',
        terminalId: 'C:/Users/mmeadow/Documents/OpenEvolve/Frontend/voicetree-1-2/ctx-nodes/analyzing_voicetree_project_progress_context_1769990852218.md-terminal-0',
        attachedToNodeId: 'C:/Users/mmeadow/Documents/OpenEvolve/Frontend/voicetree-1-2/ctx-nodes/analyzing_voicetree_project_progress_context_1769990852218.md',
        terminalCount: 0,
        title: 'Analyzing Voicetree Project Progress',
        anchoredToNodeId: {
          _tag: 'Some',
          value: 'C:/Users/mmeadow/Documents/OpenEvolve/Frontend/voicetree-1-2/analyzing_voicetree_project_progress.md'
        },
        initialEnvVars: {
          VOICETREE_APP_SUPPORT: 'C:\\Users\\mmeadow\\AppData\\Roaming\\Voicetree',
          VOICETREE_VAULT_PATH: 'C:/Users/mmeadow/Documents/OpenEvolve/Frontend/voicetree-1-2',
          ALL_MARKDOWN_READ_PATHS: 'C:/Users/mmeadow/Documents/OpenEvolve/Frontend/voicetree-1-2',
          CONTEXT_NODE_PATH: 'C:/Users/mmeadow/Documents/OpenEvolve/Frontend/voicetree-1-2/ctx-nodes/analyzing_voicetree_project_progress_context_1769990852218.md',
          TASK_NODE_PATH: 'C:/Users/mmeadow/Documents/OpenEvolve/Frontend/voicetree-1-2/analyzing_voicetree_project_progress.md',
          VOICETREE_TERMINAL_ID: 'C:/Users/mmeadow/Documents/OpenEvolve/Frontend/voicetree-1-2/ctx-nodes/analyzing_voicetree_project_progress_context_1769990852218.md-terminal-0',
          AGENT_NAME: 'Fei',
          AGENT_PROMPT: 'First read and analyze the context of your task, which is stored at C:/Users/mmeadow/Documents/OpenEvolve/Frontend/voicetree-1-2/ctx-nodes/analyzing_voicetree_project_progress_context_1769990852218.md You are being run within a graph of Markdown files that represents your project context. These markdown files are stored within C:/Users/mmeadow/Documents/OpenEvolve/Frontend/voicetree-1-2 <HANDLING_AMBIGUITY> If your task has non-trivial ambiguity, stop and ask the user for clarifications. For each clarifying question include your current working assumption. Otherwise, if the task is clear, continue working on it, or developing your task plan until ambiguity does arise. </HANDLING_AMBIGUITY> <TASK_NODES_INSTRUCTION> For the entire duration of this session, before you report completion to the user for any query, task, sub-task, proposal, or other form of non-trivial progress, you MUST: 1. Read C:\\Users\\mmeadow\\AppData\\Roaming\\Voicetree/tools/prompts/addNode.md 2. Follow the instructions to create progress nodes documenting your work If using a todolist, add "Read addNode.md instructions and create progress node" as an item. You must create a progress node before reporting completion to the user. You must continue to do this for any follow-ups by either updating existing progress nodes, or creating new ones. </TASK_NODES_INSTRUCTION>'
        },
        initialSpawnDirectory: 'C:\\Users\\mmeadow\\Documents\\OpenEvolve\\Frontend\\',
        initialCommand: 'gemini "$env:AGENT_PROMPT" --yolo',
        executeCommand: true,
        resizable: true,
        shadowNodeDimensions: { width: 340, height: 380 },
        isPinned: true,
        isDone: true,
        lastOutputTime: 1769990852224,
        activityCount: 1,
        parentTerminalId: null,
        agentName: 'Fei'
      },
      status: 'running'
    }
  ]
]
[2026-02-01 16:10:32.392] [info]  [uiAPI] Sending IPC: syncTerminals [
  [
    {
      terminalId: 'C:/Users/mmeadow/Documents/OpenEvolve/Frontend/voicetree-1-2/ctx-nodes/analyzing_voicetree_project_progress_context_1769990852218.md-terminal-0',
      terminalData: {
        type: 'Terminal',
        terminalId: 'C:/Users/mmeadow/Documents/OpenEvolve/Frontend/voicetree-1-2/ctx-nodes/analyzing_voicetree_project_progress_context_1769990852218.md-terminal-0',
        attachedToNodeId: 'C:/Users/mmeadow/Documents/OpenEvolve/Frontend/voicetree-1-2/ctx-nodes/analyzing_voicetree_project_progress_context_1769990852218.md',
        terminalCount: 0,
        title: 'Analyzing Voicetree Project Progress',
        anchoredToNodeId: {
          _tag: 'Some',
          value: 'C:/Users/mmeadow/Documents/OpenEvolve/Frontend/voicetree-1-2/analyzing_voicetree_project_progress.md'
        },
        initialEnvVars: {
          VOICETREE_APP_SUPPORT: 'C:\\Users\\mmeadow\\AppData\\Roaming\\Voicetree',
          VOICETREE_VAULT_PATH: 'C:/Users/mmeadow/Documents/OpenEvolve/Frontend/voicetree-1-2',
          ALL_MARKDOWN_READ_PATHS: 'C:/Users/mmeadow/Documents/OpenEvolve/Frontend/voicetree-1-2',
          CONTEXT_NODE_PATH: 'C:/Users/mmeadow/Documents/OpenEvolve/Frontend/voicetree-1-2/ctx-nodes/analyzing_voicetree_project_progress_context_1769990852218.md',
          TASK_NODE_PATH: 'C:/Users/mmeadow/Documents/OpenEvolve/Frontend/voicetree-1-2/analyzing_voicetree_project_progress.md',
          VOICETREE_TERMINAL_ID: 'C:/Users/mmeadow/Documents/OpenEvolve/Frontend/voicetree-1-2/ctx-nodes/analyzing_voicetree_project_progress_context_1769990852218.md-terminal-0',
          AGENT_NAME: 'Fei',
          AGENT_PROMPT: 'First read and analyze the context of your task, which is stored at C:/Users/mmeadow/Documents/OpenEvolve/Frontend/voicetree-1-2/ctx-nodes/analyzing_voicetree_project_progress_context_1769990852218.md You are being run within a graph of Markdown files that represents your project context. These markdown files are stored within C:/Users/mmeadow/Documents/OpenEvolve/Frontend/voicetree-1-2 <HANDLING_AMBIGUITY> If your task has non-trivial ambiguity, stop and ask the user for clarifications. For each clarifying question include your current working assumption. Otherwise, if the task is clear, continue working on it, or developing your task plan until ambiguity does arise. </HANDLING_AMBIGUITY> <TASK_NODES_INSTRUCTION> For the entire duration of this session, before you report completion to the user for any query, task, sub-task, proposal, or other form of non-trivial progress, you MUST: 1. Read C:\\Users\\mmeadow\\AppData\\Roaming\\Voicetree/tools/prompts/addNode.md 2. Follow the instructions to create progress nodes documenting your work If using a todolist, add "Read addNode.md instructions and create progress node" as an item. You must create a progress node before reporting completion to the user. You must continue to do this for any follow-ups by either updating existing progress nodes, or creating new ones. </TASK_NODES_INSTRUCTION>'
        },
        initialSpawnDirectory: 'C:\\Users\\mmeadow\\Documents\\OpenEvolve\\Frontend\\',
        initialCommand: 'gemini "$env:AGENT_PROMPT" --yolo',
        executeCommand: true,
        resizable: true,
        shadowNodeDimensions: { width: 340, height: 380 },
        isPinned: true,
        isDone: false,
        lastOutputTime: 1769990852224,
        activityCount: 1,
        parentTerminalId: null,
        agentName: 'Fei'
      },
      status: 'running'
    }
  ]
]
[2026-02-01 16:10:32.447] [info]  [uiAPI] Sending IPC: syncTerminals [
  [
    {
      terminalId: 'C:/Users/mmeadow/Documents/OpenEvolve/Frontend/voicetree-1-2/ctx-nodes/analyzing_voicetree_project_progress_context_1769990852218.md-terminal-0',
      terminalData: {
        type: 'Terminal',
        terminalId: 'C:/Users/mmeadow/Documents/OpenEvolve/Frontend/voicetree-1-2/ctx-nodes/analyzing_voicetree_project_progress_context_1769990852218.md-terminal-0',
        attachedToNodeId: 'C:/Users/mmeadow/Documents/OpenEvolve/Frontend/voicetree-1-2/ctx-nodes/analyzing_voicetree_project_progress_context_1769990852218.md',
        terminalCount: 0,
        title: 'Analyzing Voicetree Project Progress',
        anchoredToNodeId: {
          _tag: 'Some',
          value: 'C:/Users/mmeadow/Documents/OpenEvolve/Frontend/voicetree-1-2/analyzing_voicetree_project_progress.md'
        },
        initialEnvVars: {
          VOICETREE_APP_SUPPORT: 'C:\\Users\\mmeadow\\AppData\\Roaming\\Voicetree',
          VOICETREE_VAULT_PATH: 'C:/Users/mmeadow/Documents/OpenEvolve/Frontend/voicetree-1-2',
          ALL_MARKDOWN_READ_PATHS: 'C:/Users/mmeadow/Documents/OpenEvolve/Frontend/voicetree-1-2',
          CONTEXT_NODE_PATH: 'C:/Users/mmeadow/Documents/OpenEvolve/Frontend/voicetree-1-2/ctx-nodes/analyzing_voicetree_project_progress_context_1769990852218.md',
          TASK_NODE_PATH: 'C:/Users/mmeadow/Documents/OpenEvolve/Frontend/voicetree-1-2/analyzing_voicetree_project_progress.md',
          VOICETREE_TERMINAL_ID: 'C:/Users/mmeadow/Documents/OpenEvolve/Frontend/voicetree-1-2/ctx-nodes/analyzing_voicetree_project_progress_context_1769990852218.md-terminal-0',
          AGENT_NAME: 'Fei',
          AGENT_PROMPT: 'First read and analyze the context of your task, which is stored at C:/Users/mmeadow/Documents/OpenEvolve/Frontend/voicetree-1-2/ctx-nodes/analyzing_voicetree_project_progress_context_1769990852218.md You are being run within a graph of Markdown files that represents your project context. These markdown files are stored within C:/Users/mmeadow/Documents/OpenEvolve/Frontend/voicetree-1-2 <HANDLING_AMBIGUITY> If your task has non-trivial ambiguity, stop and ask the user for clarifications. For each clarifying question include your current working assumption. Otherwise, if the task is clear, continue working on it, or developing your task plan until ambiguity does arise. </HANDLING_AMBIGUITY> <TASK_NODES_INSTRUCTION> For the entire duration of this session, before you report completion to the user for any query, task, sub-task, proposal, or other form of non-trivial progress, you MUST: 1. Read C:\\Users\\mmeadow\\AppData\\Roaming\\Voicetree/tools/prompts/addNode.md 2. Follow the instructions to create progress nodes documenting your work If using a todolist, add "Read addNode.md instructions and create progress node" as an item. You must create a progress node before reporting completion to the user. You must continue to do this for any follow-ups by either updating existing progress nodes, or creating new ones. </TASK_NODES_INSTRUCTION>'
        },
        initialSpawnDirectory: 'C:\\Users\\mmeadow\\Documents\\OpenEvolve\\Frontend\\',
        initialCommand: 'gemini "$env:AGENT_PROMPT" --yolo',
        executeCommand: true,
        resizable: true,
        shadowNodeDimensions: { width: 340, height: 380 },
        isPinned: true,
        isDone: true,
        lastOutputTime: 1769990852224,
        activityCount: 1,
        parentTerminalId: null,
        agentName: 'Fei'
      },
      status: 'running'
    }
  ]
]
[2026-02-01 16:13:17.343] [info]  [Startup] setupToolsDirectory: 11.915ms
[2026-02-01 16:13:17.375] [info]  [Startup] setupOnboardingDirectory: 29.362ms
[2026-02-01 16:13:17.779] [info]  [Startup] textToTreeServer.start: 403.395ms
[2026-02-01 16:13:18.061] [info]  [Startup] createWindow: 280.61ms
[2026-02-01 16:13:18.061] [info]  [Startup] Total time to window: 742.201ms
[2026-02-01 16:13:18.065] [info]  [AutoUpdate] Check)
[2026-02-01 16:13:18.066] [info]  Checking for update
[2026-02-01 16:13:18.066] [info]  Checking for updates...
[2026-02-01 16:13:18.703] [warn]  (electron) 'console-message' arguments are deprecated and will be removed. Please use Event<WebContentsConsoleMessageEventParams> object instead.
[2026-02-01 16:13:20.124] [info]  Update for version 2.4.8 is not available (latest version: 2.4.8, downgrade is disallowed).
[2026-02-01 16:13:20.124] [info]  App is up to date.
[2026-02-01 16:13:20.125] [info]  [AutoUpdate] Check result: 2.4.8 (current: 2.4.8)
[2026-02-01 16:14:03.201] [info]  [uiAPI] Sending IPC: updateFloatingEditorsFromExternal [
  [
    {
      type: 'DeleteNode',
      nodeId: 'C:/Users/mmeadow/Documents/OpenEvolve/Frontend/voicetree-1-2/confirmed-analysis-of-voicetree-project-structure.md',
      deletedNode: {
        _tag: 'Some',
        value: {
          absoluteFilePathIsID: 'C:/Users/mmeadow/Documents/OpenEvolve/Frontend/voicetree-1-2/confirmed-analysis-of-voicetree-project-structure.md',
          outgoingEdges: [ [Object] ],
          contentWithoutYamlOrLinks: '\n' +
            '# Confirmed Analysis of Voicetree Project Structure\n' +
            '\n' +
            '## Detailed verification of the OpenEvolve Frontend codebase modules\n' +
            '\n' +
            'I have verified the initial analysis by deep-diving into key implementation files. The codebase demonstrates a high level of maturity with strong emphasis on security, modularity, and licensing compliance.\n' +
            '\n' +
            'Key findings from in-depth analysis:\n' +
            '\n' +
            '- **ACE Bridge Evolution**: Verified that `ace_crewai_bridge.py` explicitly replaces the Hephaestus integration to move from AGPL to MIT license, utilizing `ZeroErrorWorkflow`.\n' +
            '- **Sovereign-Grade Decomposition**: Confirmed `decomposition_engine.py` implements a sophisticated semantic decomposition strategy using LLMs with robust fallback mechanisms and integration with `OpenEvolveClient`.\n' +
            '- **Knowledge Management Sophistication**: `ace_knowledge_artifacts.py` defines a rich set of `ArtifactType` (Solution Patterns, Anti-Patterns, etc.) and `ArtifactSource` to capture learning from across the system.\n' +
            '- **Security-First Architecture**: `ace_security_utils.py` provides a centralized suite of validation tools (path resolution, JSON safety, numeric ranges) that are consistently imported across all major modules.\n' +
            '\n' +
            '## Architectural Flow\n' +
            '\n' +
            '```mermaid\n' +
            'graph LR\n' +
            '    subgraph ACE_System\n' +
            '        B[ace_crewai_bridge.py] --> Z[ZeroErrorWorkflow]\n' +
            '        B --> S[ace_security_utils.py]\n' +
            '    end\n' +
            '    \n' +
            '    subgraph Knowledge_Layer\n' +
            '        K[ace_knowledge_artifacts.py] --> KM[Knowledge Manager]\n' +
            '        W[ace_workflow_knowledge_extractor.py] --> K\n' +
            '    end\n' +
            '    \n' +
            '    subgraph Core_Engine\n' +
            '        D[decomposition_engine.py] --> OE[OpenEvolveClient]\n' +
            '        D --> PA[ProblemAnalyzer]\n' +
            '    end\n' +
            '    \n' +
            '    B -.-> K\n' +
            '    D -.-> B\n' +
            '```\n' +
            '\n' +
            '### NOTES\n' +
            "The system's architectural integrity is maintained through strict validation layers (ACE Security Utils) and a clear separation between decomposition logic and execution orchestration (CrewAI Bridge). The transition to MIT-licensed components (CrewAI) indicates a strategic move towards a more permissive and commercially friendly codebase.\n" +
            '\n' +
            'Complexity Score: 8/10. The codebase uses advanced Python patterns (decorators, abstract base classes, complex dataclasses) and integrates multiple external AI frameworks.\n' +
            '\n' +
            'documented progress for [C:/Users/mmeadow/Documents/OpenEvolve/Frontend/voicetree-1-2/analyzing_voicetree_project_progress.md]*\n',
          nodeUIMetadata: {
            color: [Object],
            position: [Object],
            additionalYAMLProps: [Object],
            isContextNode: false
          }
        }
      }
    }
  ]
]
[2026-02-01 16:14:05.354] [info]  [uiAPI] Sending IPC: updateFloatingEditorsFromExternal [
  [
    {
      type: 'DeleteNode',
      nodeId: 'C:/Users/mmeadow/Documents/OpenEvolve/Frontend/voicetree-1-2/analyzing_voicetree_project_progress.md',
      deletedNode: {
        _tag: 'Some',
        value: {
          absoluteFilePathIsID: 'C:/Users/mmeadow/Documents/OpenEvolve/Frontend/voicetree-1-2/analyzing_voicetree_project_progress.md',
          outgoingEdges: [],
          contentWithoutYamlOrLinks: '# Analyzing Voicetree Project Progress\n' +
            '\n' +
            '## Analysis of the Voicetree project structure and identification of major modules\n' +
            '\n' +
            'I have analyzed the Voicetree project structure and explored the broader codebase to identify major modules. The Voicetree project appears to be a spatial IDE for multi-agent orchestration that stores its content in markdown files forming a graph structure.\n' +
            '\n' +
            '## Key findings from codebase exploration\n' +
            '\n' +
            'After exploring the codebase in the Frontend directory, I identified several major modules that form the core of the OpenEvolve system:\n' +
            '\n' +
            '1. **ACE (Autonomous Cognitive Entity) Framework** - Contains core AI agent functionality with files like `ace_crewai_bridge.py`, `ace_mcp_tools.py`, `ace_analytics.py`, etc.\n' +
            '\n' +
            '2. **Knowledge Management System** - Includes knowledge extraction and artifact management with files like `ace_knowledge_artifacts.py`, `ace_workflow_knowledge_extractor.py`.\n' +
            '\n' +
            '3. **Adversarial Testing Framework** - Contains adversarial testing capabilities with files like `adversarial.py`, `adversarial_testing.py`, `adversarial_unified.py`.\n' +
            '\n' +
            '4. **Decomposition Engine** - Core functionality for breaking down complex tasks with files like `decomposition_engine.py`, `adaptive_decomposition_integration.py`.\n' +
            '\n' +
            '5. **API and Integration Layer** - Handles API contracts and integrations with files like `api_bridge.py`, `ace_api_utils.py`.\n' +
            '\n' +
            '6. **Analytics and Monitoring** - Provides analytics capabilities with files like `analytics.py`, `analytics_dashboard.py`, `ace_analytics.py`.\n' +
            '\n' +
            '7. **Testing and Validation Framework** - Comprehensive testing infrastructure with multiple test suites in the `tests/` directory.\n' +
            '\n' +
            'List of all additional files changed: None (this is a documentation task)\n' +
            '\n' +
            '## DIAGRAM\n' +
            '\n' +
            '```mermaid\n' +
            'graph TD\n' +
            '    A[Voicetree Spatial IDE] --> B[ACE Framework]\n' +
            '    A --> C[Knowledge Management]\n' +
            '    A --> D[Adversarial Testing]\n' +
            '    A --> E[Decomposition Engine]\n' +
            '    A --> F[API Integration]\n' +
            '    A --> G[Analytics]\n' +
            '    A --> H[Validation Framework]\n' +
            '    \n' +
            '    B --> B1[ace_crewai_bridge.py]\n' +
            '    B --> B2[ace_mcp_tools.py]\n' +
            '    B --> B3[ace_analytics.py]\n' +
            '    \n' +
            '    C --> C1[ace_knowledge_artifacts.py]\n' +
            '    C --> C2[ace_workflow_knowledge_extractor.py]\n' +
            '    \n' +
            '    D --> D1[adversarial.py]\n' +
            '    D --> D2[adversarial_testing.py]\n' +
            '    \n' +
            '    E --> E1[decomposition_engine.py]\n' +
            '    E --> E2[adaptive_decomposition_integration.py]\n' +
            '    \n' +
            '    F --> F1[api_bridge.py]\n' +
            '    F --> F2[ace_api_utils.py]\n' +
            '    \n' +
            '    G --> G1[analytics.py]\n' +
            '    G --> G2[analytics_dashboard.py]\n' +
            '    \n' +
            '    H --> H1[tests/]\n' +
            '```\n' +
            '\n' +
            '### NOTES\n' +
            '\n' +
            'This analysis was performed by exploring the directory structure and file listings in the OpenEvolve Frontend directory. The Voicetree system appears to be a sophisticated multi-agent orchestration platform that uses markdown files to represent a graph of interconnected nodes. The system has a strong focus on autonomous cognitive entities (ACE), knowledge management, and adversarial testing methodologies.\n' +
            '\n' +
            'The complexity of the codebase is high due to the integration of multiple AI frameworks, testing methodologies, and distributed agent systems. Understanding the interconnections between different modules would require deeper analysis of the actual code implementations.\n',
          nodeUIMetadata: {
            color: [Object],
            position: [Object],
            additionalYAMLProps: {},
            isContextNode: false
          }
        }
      }
    }
  ]
]
